scenario_id,channel,channel_code,modulation,modulation_code,iot_db,num_interferers,num_ue,rank,num_layers_total,num_rx_ant,num_ue_ant,speed_kmh,delay_spread_ns,carrier_frequency_hz,num_prb,fft_size,mcs_table,mcs_index,num_bits_per_symbol,target_coderate,tb_size,target_ber,channel_mode,num_ber_points,seed,duration_s,channel_file,h_int_file,r_iot_file,wp_perfect,wp_ls_nn,wp_ls_lin,wp_ls_lin_time_avg,wp_lmmse_ce,wp_status_perfect,wp_status_ls_nn,wp_status_ls_lin,wp_status_ls_lin_time_avg,wp_status_lmmse_ce,gain_db,h_rms,cond_db,h_rank,h_eff_rank,capacity_bpcu_0db,freq_corr,time_corr,rms_delay_samp,h_spatial_corr,stream_imbalance_db,num_rx_ant,num_streams,ruu_rank,ruu_eff_rank,ruu_cond_db,ruu_dom_frac
0,uma,3,qpsk,0,0.8194704787238938,1,2,2,4,4.0,2,8.692891674401906,,3500000000.0,8,1024,1,4,2,0.30078125,1416,0.01,frozen,21,35492827,13.389581203460693,channels/000000/H.npy,channels/000000/H_int.npy,channels/000000/R_iot.npy,-1.4094477335146078,6.75,4.479437171587523,3.059385721555035,1.571052591029528,ok,ok,ok,ok,ok,-0.2174246936379001,0.9752787582784638,17.38870620727539,4.0,2.8023795314051343,6.835962295532227,0.9742107391357422,0.999858558177948,8.295978719183172,0.25271937251091003,3.7598371505737305,4.0,4.0,2.0,1.7603642798082344,26.75973129272461,0.6878530383110046
0,uma,3,qam16,1,0.8194704787238938,1,2,2,4,4.0,2,8.692891674401906,,3500000000.0,8,1024,1,14,4,0.5400390625,4992,0.01,frozen,22,35492827,9.754149198532104,channels/000000/H.npy,channels/000000/H_int.npy,channels/000000/R_iot.npy,13.621871090392684,,,,19.437908109780174,ok,not_reached,not_reached,not_reached,ok,-0.2174246936379001,0.9752787582784638,17.38870620727539,4.0,2.8023795314051343,6.835962295532227,0.9742107391357422,0.999858558177948,8.295978719183172,0.25271937251091003,3.7598371505737305,4.0,4.0,2.0,1.7603642798082344,26.75973129272461,0.6878530383110046
0,uma,3,qam64,2,0.8194704787238938,1,2,2,4,4.0,2,8.692891674401906,,3500000000.0,8,1024,1,20,6,0.5537109375,7680,0.01,frozen,19,35492827,6.145375967025757,channels/000000/H.npy,channels/000000/H_int.npy,channels/000000/R_iot.npy,19.5892396988553,,,,,ok,not_reached,not_reached,not_reached,not_reached,-0.2174246936379001,0.9752787582784638,17.38870620727539,4.0,2.8023795314051343,6.835962295532227,0.9742107391357422,0.999858558177948,8.295978719183172,0.25271937251091003,3.7598371505737305,4.0,4.0,2.0,1.7603642798082344,26.75973129272461,0.6878530383110046
1,umi,2,qpsk,0,16.018161737839442,1,4,1,4,4.0,1,3.410306121045481,,3500000000.0,8,1024,1,4,2,0.30078125,704,0.01,frozen,18,2054097781,9.991685152053833,channels/000001/H.npy,channels/000001/H_int.npy,channels/000001/R_iot.npy,11.846443640575213,16.15028757346735,15.047886023789317,14.11517297598884,12.903257304291982,ok,ok,ok,ok,ok,-1.9461829942948667,0.7992651007702039,20.136302947998047,4.0,2.72359606208031,5.557635307312012,0.9937671422958374,0.9999623894691467,10.06763369338074,0.2686682641506195,2.8463211059570312,4.0,4.0,2.0,1.5479550824054933,24.84955596923828,0.7738183736801147
1,umi,2,qam16,1,16.018161737839442,1,4,1,4,4.0,1,3.410306121045481,,3500000000.0,8,1024,1,14,4,0.5400390625,2472,0.01,frozen,13,2054097781,7.849185228347778,channels/000001/H.npy,channels/000001/H_int.npy,channels/000001/R_iot.npy,25.374919589959617,29.825104951560238,27.738544054052728,27.124389903740678,26.785183518258517,ok,ok,ok,ok,ok,-1.9461829942948667,0.7992651007702039,20.136302947998047,4.0,2.72359606208031,5.557635307312012,0.9937671422958374,0.9999623894691467,10.06763369338074,0.2686682641506195,2.8463211059570312,4.0,4.0,2.0,1.5479550824054933,24.84955596923828,0.7738183736801147
1,umi,2,qam64,2,16.018161737839442,1,4,1,4,4.0,1,3.410306121045481,,3500000000.0,8,1024,1,20,6,0.5537109375,3840,0.01,frozen,9,2054097781,3.232335329055786,channels/000001/H.npy,channels/000001/H_int.npy,channels/000001/R_iot.npy,30.930199350610206,,,,,ok,not_reached,not_reached,not_reached,not_reached,-1.9461829942948667,0.7992651007702039,20.136302947998047,4.0,2.72359606208031,5.557635307312012,0.9937671422958374,0.9999623894691467,10.06763369338074,0.2686682641506195,2.8463211059570312,4.0,4.0,2.0,1.5479550824054933,24.84955596923828,0.7738183736801147
2,uma,3,qpsk,0,12.025784124755319,3,1,1,1,4.0,1,3.8072309282266072,,3500000000.0,8,1024,1,4,2,0.30078125,704,0.01,frozen,14,311600382,5.997056722640991,channels/000002/H.npy,channels/000002/H_int.npy,channels/000002/R_iot.npy,9.786611640589156,14.25,13.75,12.75,11.644676058492996,ok,ok,ok,ok,ok,-1.4718724439827033,0.8441242518286804,0.0,1.0,1.0,1.9353997707366943,0.9980325698852539,0.9999569058418274,14.69566613091614,0.4432849884033203,0.0,4.0,1.0,4.0,3.4338018523727745,5.363669395446777,0.3646903336048126
2,uma,3,qam16,1,12.025784124755319,3,1,1,1,4.0,1,3.8072309282266072,,3500000000.0,8,1024,1,14,4,0.5400390625,2472,0.01,frozen,11,311600382,4.633423328399658,channels/000002/H.npy,channels/000002/H_int.npy,channels/000002/R_iot.npy,18.483588747048383,20.75,20.09468334339109,19.34541411955027,19.050313428391995,ok,ok,ok,ok,ok,-1.4718724439827033,0.8441242518286804,0.0,1.0,1.0,1.9353997707366943,0.9980325698852539,0.9999569058418274,14.69566613091614,0.4432849884033203,0.0,4.0,1.0,4.0,3.4338018523727745,5.363669395446777,0.3646903336048126
2,uma,3,qam64,2,12.025784124755319,3,1,1,1,4.0,1,3.8072309282266072,,3500000000.0,8,1024,1,20,6,0.5537109375,3840,0.01,frozen,10,311600382,4.063049077987671,channels/000002/H.npy,channels/000002/H_int.npy,channels/000002/R_iot.npy,23.048855115943773,24.589775285662576,24.194487102027377,23.707999930185757,23.41055263514282,ok,ok,ok,ok,ok,-1.4718724439827033,0.8441242518286804,0.0,1.0,1.0,1.9353997707366943,0.9980325698852539,0.9999569058418274,14.69566613091614,0.4432849884033203,0.0,4.0,1.0,4.0,3.4338018523727745,5.363669395446777,0.3646903336048126
3,umi,2,qpsk,0,6.427496446750267,2,4,1,4,4.0,1,5.093938053553127,,3500000000.0,8,1024,1,4,2,0.30078125,704,0.01,frozen,12,680483040,8.420202732086182,channels/000003/H.npy,channels/000003/H_int.npy,channels/000003/R_iot.npy,6.4135488926211295,10.257986054839602,9.137133521277894,8.237276285257877,6.699529433515692,ok,ok,ok,ok,ok,0.4694312544024025,1.0555323854770025,13.260359764099121,4.0,3.0553732969415863,7.928496360778809,0.9948728680610657,0.9999783039093018,7.339896159939322,0.297137975692749,2.0262579917907715,4.0,4.0,4.0,2.5221966495385617,9.196218490600586,0.5513694882392883
3,umi,2,qam16,1,6.427496446750267,2,4,1,4,4.0,1,5.093938053553127,,3500000000.0,8,1024,1,14,4,0.5400390625,2472,0.01,frozen,13,680483040,8.365808725357056,channels/000003/H.npy,channels/000003/H_int.npy,channels/000003/R_iot.npy,17.700241431129356,21.40036990436962,20.597992568461628,19.555167182234985,18.20682705950268,ok,ok,ok,ok,ok,0.4694312544024025,1.0555323854770025,13.260359764099121,4.0,3.0553732969415863,7.928496360778809,0.9948728680610657,0.9999783039093018,7.339896159939322,0.297137975692749,2.0262579917907715,4.0,4.0,4.0,2.5221966495385617,9.196218490600586,0.5513694882392883
3,umi,2,qam64,2,6.427496446750267,2,4,1,4,4.0,1,5.093938053553127,,3500000000.0,8,1024,1,20,6,0.5537109375,3840,0.01,frozen,12,680483040,7.7517781257629395,channels/000003/H.npy,channels/000003/H_int.npy,channels/000003/R_iot.npy,23.029627109210203,27.587910612131243,26.21270389769126,25.066359971648474,23.678649296108002,ok,ok,ok,ok,ok,0.4694312544024025,1.0555323854770025,13.260359764099121,4.0,3.0553732969415863,7.928496360778809,0.9948728680610657,0.9999783039093018,7.339896159939322,0.297137975692749,2.0262579917907715,4.0,4.0,4.0,2.5221966495385617,9.196218490600586,0.5513694882392883
4,cdl-c,1,qpsk,0,8.93386561240295,1,4,1,4,4.0,1,4.537086946209347,54.234295881382984,3500000000.0,8,1024,1,4,2,0.30078125,704,0.01,frozen,18,1656316143,12.336523056030273,channels/000004/H.npy,channels/000004/H_int.npy,channels/000004/R_iot.npy,4.938244011584575,17.63691475346575,15.771164492714977,13.094371898911444,7.624190731239456,ok,ok,ok,ok,ok,-0.06717319094832729,0.9922962279331394,24.305387496948242,4.0,2.4330482778150513,6.44033670425415,0.9999300837516785,0.9999529719352722,6.685056087167019,0.47684913873672485,1.0416918992996216,4.0,4.0,3.0,1.21478362035301,42.97960662841797,0.9032821655273438
4,cdl-c,1,qam16,1,8.93386561240295,1,4,1,4,4.0,1,4.537086946209347,54.234295881382984,3500000000.0,8,1024,1,14,4,0.5400390625,2472,0.01,frozen,12,1656316143,7.4055092334747314,channels/000004/H.npy,channels/000004/H_int.npy,channels/000004/R_iot.npy,25.18699209701343,28.834097139736613,28.165542157511275,27.08646239381706,25.5813764989935,ok,ok,ok,ok,ok,-0.06717319094832729,0.9922962279331394,24.305387496948242,4.0,2.4330482778150513,6.44033670425415,0.9999300837516785,0.9999529719352722,6.685056087167019,0.47684913873672485,1.0416918992996216,4.0,4.0,3.0,1.21478362035301,42.97960662841797,0.9032821655273438
4,cdl-c,1,qam64,2,8.93386561240295,1,4,1,4,4.0,1,4.537086946209347,54.234295881382984,3500000000.0,8,1024,1,20,6,0.5537109375,3840,0.01,frozen,11,1656316143,6.2403244972229,channels/000004/H.npy,channels/000004/H_int.npy,channels/000004/R_iot.npy,30.003434453440992,33.62916859967906,32.96947807131385,32.01323497518788,30.62125754754478,ok,ok,ok,ok,ok,-0.06717319094832729,0.9922962279331394,24.305387496948242,4.0,2.4330482778150513,6.44033670425415,0.9999300837516785,0.9999529719352722,6.685056087167019,0.47684913873672485,1.0416918992996216,4.0,4.0,3.0,1.21478362035301,42.97960662841797,0.9032821655273438
5,umi,2,qpsk,0,8.228762756989457,1,2,1,2,4.0,1,3.968057817724419,,3500000000.0,8,1024,1,4,2,0.30078125,704,0.01,frozen,14,792213707,7.4962263107299805,channels/000005/H.npy,channels/000005/H_int.npy,channels/000005/R_iot.npy,-1.75,3.10721677351447,2.75,1.75,-0.9399076436893578,ok,ok,ok,ok,ok,0.6585232863213732,1.0787633029121921,5.50656270980835,2.0,1.82847919754591,4.35073184967041,1.0,0.999998152256012,10.480229121807183,0.4399287700653076,3.920034170150757,4.0,2.0,4.0,1.4654954813869807,14.774285316467285,0.8179810047149658
5,umi,2,qam16,1,8.228762756989457,1,2,1,2,4.0,1,3.968057817724419,,3500000000.0,8,1024,1,14,4,0.5400390625,2472,0.01,frozen,13,792213707,6.223121404647827,channels/000005/H.npy,channels/000005/H_int.npy,channels/000005/R_iot.npy,7.176126282371925,9.774579910663732,9.175952310606565,8.372929297385657,7.387287536755282,ok,ok,ok,ok,ok,0.6585232863213732,1.0787633029121921,5.50656270980835,2.0,1.82847919754591,4.35073184967041,1.0,0.999998152256012,10.480229121807183,0.4399287700653076,3.920034170150757,4.0,2.0,4.0,1.4654954813869807,14.774285316467285,0.8179810047149658
5,umi,2,qam64,2,8.228762756989457,1,2,1,2,4.0,1,3.968057817724419,,3500000000.0,8,1024,1,20,6,0.5537109375,3840,0.01,frozen,14,792213707,5.949734687805176,channels/000005/H.npy,channels/000005/H_int.npy,channels/000005/R_iot.npy,11.777777113723737,13.636088931231972,13.344282851059607,12.901195731664892,11.98209093842657,ok,ok,ok,ok,ok,0.6585232863213732,1.0787633029121921,5.50656270980835,2.0,1.82847919754591,4.35073184967041,1.0,0.999998152256012,10.480229121807183,0.4399287700653076,3.920034170150757,4.0,2.0,4.0,1.4654954813869807,14.774285316467285,0.8179810047149658
6,cdl-c,1,qpsk,0,10.918242152392487,2,2,1,2,4.0,1,7.386439330092452,52.127298749108675,3500000000.0,8,1024,1,4,2,0.30078125,704,0.01,frozen,13,1144807410,6.71623420715332,channels/000006/H.npy,channels/000006/H_int.npy,channels/000006/R_iot.npy,5.160450314770679,8.250630279896658,7.667740962918206,6.802879860308198,5.216390169204956,ok,ok,ok,ok,ok,0.04847740325372128,1.0055967710336937,5.790614128112793,2.0,1.808961192020977,4.306835174560547,1.0,0.999980092048645,4.878256526315402,0.5458872318267822,1.1555055379867554,4.0,2.0,4.0,1.8297350828444745,19.364383697509766,0.6954802870750427
6,cdl-c,1,qam16,1,10.918242152392487,2,2,1,2,4.0,1,7.386439330092452,52.127298749108675,3500000000.0,8,1024,1,14,4,0.5400390625,2472,0.01,frozen,11,1144807410,5.356898307800293,channels/000006/H.npy,channels/000006/H_int.npy,channels/000006/R_iot.npy,14.16512557629834,16.198331152088745,15.782814142473832,15.117567468021717,14.374981019079335,ok,ok,ok,ok,ok,0.04847740325372128,1.0055967710336937,5.790614128112793,2.0,1.808961192020977,4.306835174560547,1.0,0.999980092048645,4.878256526315402,0.5458872318267822,1.1555055379867554,4.0,2.0,4.0,1.8297350828444745,19.364383697509766,0.6954802870750427
6,cdl-c,1,qam64,2,10.918242152392487,2,2,1,2,4.0,1,7.386439330092452,52.127298749108675,3500000000.0,8,1024,1,20,6,0.5537109375,3840,0.01,frozen,11,1144807410,4.377649545669556,channels/000006/H.npy,channels/000006/H_int.npy,channels/000006/R_iot.npy,18.876302324398974,20.77124137474563,20.383530484845295,19.764783352346836,19.082461798701534,ok,ok,ok,ok,ok,0.04847740325372128,1.0055967710336937,5.790614128112793,2.0,1.808961192020977,4.306835174560547,1.0,0.999980092048645,4.878256526315402,0.5458872318267822,1.1555055379867554,4.0,2.0,4.0,1.8297350828444745,19.364383697509766,0.6954802870750427
7,uma,3,qpsk,0,15.983384929431308,2,1,1,1,4.0,1,8.88694315694637,,3500000000.0,8,1024,1,4,2,0.30078125,704,0.01,frozen,13,1023290587,5.377657890319824,channels/000007/H.npy,channels/000007/H_int.npy,channels/000007/R_iot.npy,10.75,14.75,14.25,13.25,12.75,ok,ok,ok,ok,ok,-1.5933440617085284,0.8324013903069606,0.0,1.0,1.0,1.7172982692718506,0.9757553935050964,0.9996868968009949,10.648010060824221,0.5938546657562256,0.0,4.0,1.0,4.0,2.2450635648027224,12.07099723815918,0.5662792325019836
7,uma,3,qam16,1,15.983384929431308,2,1,1,1,4.0,1,8.88694315694637,,3500000000.0,8,1024,1,14,4,0.5400390625,2472,0.01,frozen,10,1023290587,4.022583961486816,channels/000007/H.npy,channels/000007/H_int.npy,channels/000007/R_iot.npy,19.10561913264171,21.876375019157773,21.03947990587669,20.510096370498616,19.643822137458237,ok,ok,ok,ok,ok,-1.5933440617085284,0.8324013903069606,0.0,1.0,1.0,1.7172982692718506,0.9757553935050964,0.9996868968009949,10.648010060824221,0.5938546657562256,0.0,4.0,1.0,4.0,2.2450635648027224,12.07099723815918,0.5662792325019836
7,uma,3,qam64,2,15.983384929431308,2,1,1,1,4.0,1,8.88694315694637,,3500000000.0,8,1024,1,20,6,0.5537109375,3840,0.01,frozen,16,1023290587,6.296224594116211,channels/000007/H.npy,channels/000007/H_int.npy,channels/000007/R_iot.npy,23.915853371102138,29.10296627581171,26.029811592919078,25.66940716501786,24.394996921459303,ok,ok,ok,ok,ok,-1.5933440617085284,0.8324013903069606,0.0,1.0,1.0,1.7172982692718506,0.9757553935050964,0.9996868968009949,10.648010060824221,0.5938546657562256,0.0,4.0,1.0,4.0,2.2450635648027224,12.07099723815918,0.5662792325019836
8,cdl-c,1,qpsk,0,0.0,0,3,1,3,4.0,1,3.542418097687967,223.85078025914626,3500000000.0,8,1024,1,4,2,0.30078125,704,0.01,frozen,14,75643552,9.014832973480225,channels/000008/H.npy,,,-3.758653887655324,0.654429394403776,-0.3725912007303127,-1.4121415693315573,-3.102241014895494,ok,ok,ok,ok,ok,-0.13615353889458331,0.9844469619363103,16.17742919921875,3.0,2.1128181633679652,5.12837553024292,1.0,0.9999904632568359,15.050895038541416,0.5012644529342651,1.423685073852539,4.0,3.0,0.0,0.0,0.0,0.0
8,cdl-c,1,qam16,1,0.0,0,3,1,3,4.0,1,3.542418097687967,223.85078025914626,3500000000.0,8,1024,1,14,4,0.5400390625,2472,0.01,frozen,10,75643552,5.7812604904174805,channels/000008/H.npy,,,9.102400480331134,11.689542764748584,11.264933886980533,10.607756986207228,9.51723374340519,ok,ok,ok,ok,ok,-0.13615353889458331,0.9844469619363103,16.17742919921875,3.0,2.1128181633679652,5.12837553024292,1.0,0.9999904632568359,15.050895038541416,0.5012644529342651,1.423685073852539,4.0,3.0,0.0,0.0,0.0,0.0
8,cdl-c,1,qam64,2,0.0,0,3,1,3,4.0,1,3.542418097687967,223.85078025914626,3500000000.0,8,1024,1,20,6,0.5537109375,3840,0.01,frozen,10,75643552,5.233709812164307,channels/000008/H.npy,,,14.335621152133196,16.890995501652274,16.50251810267727,16.005002892652463,14.858533739934881,ok,ok,ok,ok,ok,-0.13615353889458331,0.9844469619363103,16.17742919921875,3.0,2.1128181633679652,5.12837553024292,1.0,0.9999904632568359,15.050895038541416,0.5012644529342651,1.423685073852539,4.0,3.0,0.0,0.0,0.0,0.0
9,cdl-c,1,qpsk,0,0.0,0,2,2,4,4.0,2,7.685695123920955,384.8239987568864,3500000000.0,8,1024,1,4,2,0.30078125,1416,0.01,frozen,14,1504327976,9.417060375213623,channels/000009/H.npy,,,-2.6316460344345862,2.506033580389807,1.236281387168184,-0.11140243387236715,-1.6925409906980122,ok,ok,ok,ok,ok,1.063789133149579,1.130288884446433,30.34747314453125,4.0,2.2148448559212195,6.7711334228515625,1.0,0.9998998045921326,14.356143110424206,0.567116379737854,1.5243643522262573,4.0,4.0,0.0,0.0,0.0,0.0
9,cdl-c,1,qam16,1,0.0,0,2,2,4,4.0,2,7.685695123920955,384.8239987568864,3500000000.0,8,1024,1,14,4,0.5400390625,4992,0.01,frozen,13,1504327976,7.16625714302063,channels/000009/H.npy,,,14.653074432546253,18.854500360972846,18.00140643126037,17.096020399179597,16.148784742092875,ok,ok,ok,ok,ok,1.063789133149579,1.130288884446433,30.34747314453125,4.0,2.2148448559212195,6.7711334228515625,1.0,0.9998998045921326,14.356143110424206,0.567116379737854,1.5243643522262573,4.0,4.0,0.0,0.0,0.0,0.0
9,cdl-c,1,qam64,2,0.0,0,2,2,4,4.0,2,7.685695123920955,384.8239987568864,3500000000.0,8,1024,1,20,6,0.5537109375,7680,0.01,frozen,15,1504327976,9.488487482070923,channels/000009/H.npy,,,22.1880018624758,,26.88219992257191,26.083444575255886,24.533921998135078,ok,not_reached,ok,ok,ok,1.063789133149579,1.130288884446433,30.34747314453125,4.0,2.2148448559212195,6.7711334228515625,1.0,0.9998998045921326,14.356143110424206,0.567116379737854,1.5243643522262573,4.0,4.0,0.0,0.0,0.0,0.0
10,cdl-c,1,qpsk,0,6.448754928110436,1,2,1,2,4.0,1,3.1555051010315642,51.06338708342156,3500000000.0,8,1024,1,4,2,0.30078125,704,0.01,frozen,11,1316686784,5.1275153160095215,channels/000010/H.npy,channels/000010/H_int.npy,channels/000010/R_iot.npy,-4.847260141056296,-1.1557601862322906,-1.7745384391373045,-2.469082774244442,-4.608901410217293,ok,ok,ok,ok,ok,0.2613915615940966,1.030551211258562,2.514822006225586,2.0,1.959041003109308,4.704700946807861,1.0,0.9999767541885376,5.675502977540236,0.42269232869148254,0.7873506546020508,4.0,2.0,3.0,1.1966408042377075,36.92271041870117,0.9106841683387756
10,cdl-c,1,qam16,1,6.448754928110436,1,2,1,2,4.0,1,3.1555051010315642,51.06338708342156,3500000000.0,8,1024,1,14,4,0.5400390625,2472,0.01,frozen,12,1316686784,5.157651901245117,channels/000010/H.npy,channels/000010/H_int.npy,channels/000010/R_iot.npy,3.591651148778071,5.734674630012365,5.312417497597097,4.735935158319167,3.729517837571318,ok,ok,ok,ok,ok,0.2613915615940966,1.030551211258562,2.514822006225586,2.0,1.959041003109308,4.704700946807861,1.0,0.9999767541885376,5.675502977540236,0.42269232869148254,0.7873506546020508,4.0,2.0,3.0,1.1966408042377075,36.92271041870117,0.9106841683387756
10,cdl-c,1,qam64,2,6.448754928110436,1,2,1,2,4.0,1,3.1555051010315642,51.06338708342156,3500000000.0,8,1024,1,20,6,0.5537109375,3840,0.01,frozen,11,1316686784,5.719552040100098,channels/000010/H.npy,channels/000010/H_int.npy,channels/000010/R_iot.npy,8.203544752100859,10.151387651598943,9.907368153152035,9.322712948751924,8.47392202932529,ok,ok,ok,ok,ok,0.2613915615940966,1.030551211258562,2.514822006225586,2.0,1.959041003109308,4.704700946807861,1.0,0.9999767541885376,5.675502977540236,0.42269232869148254,0.7873506546020508,4.0,2.0,3.0,1.1966408042377075,36.92271041870117,0.9106841683387756
11,cdl-b,0,qpsk,0,2.7855246074619067,2,2,2,4,4.0,2,7.899493772085223,47.44446291204304,3500000000.0,8,1024,1,4,2,0.30078125,1416,0.01,frozen,17,2076257696,11.361745119094849,channels/000011/H.npy,channels/000011/H_int.npy,channels/000011/R_iot.npy,3.099666041394299,9.25,7.798649450633417,6.75,4.25,ok,ok,ok,ok,ok,0.9891050488726416,1.1206119578720068,14.32069206237793,4.0,2.71815256670596,7.630898475646973,1.0,0.9999271631240845,5.503258671394411,0.53984135389328,2.1067609786987305,4.0,4.0,4.0,3.0599322041083767,8.460491180419922,0.448833167552948
11,cdl-b,0,qam16,1,2.7855246074619067,2,2,2,4,4.0,2,7.899493772085223,47.44446291204304,3500000000.0,8,1024,1,14,4,0.5400390625,4992,0.01,frozen,15,2076257696,7.917536020278931,channels/000011/H.npy,channels/000011/H_int.npy,channels/000011/R_iot.npy,15.678936826681872,19.195977914924192,18.53103740781318,17.500974606208256,16.048428028531056,ok,ok,ok,ok,ok,0.9891050488726416,1.1206119578720068,14.32069206237793,4.0,2.71815256670596,7.630898475646973,1.0,0.9999271631240845,5.503258671394411,0.53984135389328,2.1067609786987305,4.0,4.0,4.0,3.0599322041083767,8.460491180419922,0.448833167552948
11,cdl-b,0,qam64,2,2.7855246074619067,2,2,2,4,4.0,2,7.899493772085223,47.44446291204304,3500000000.0,8,1024,1,20,6,0.5537109375,7680,0.01,frozen,15,2076257696,8.607520341873169,channels/000011/H.npy,channels/000011/H_int.npy,channels/000011/R_iot.npy,20.61017831105083,24.170045379996495,23.566799062078964,22.603195041449897,20.960434850846962,ok,ok,ok,ok,ok,0.9891050488726416,1.1206119578720068,14.32069206237793,4.0,2.71815256670596,7.630898475646973,1.0,0.9999271631240845,5.503258671394411,0.53984135389328,2.1067609786987305,4.0,4.0,4.0,3.0599322041083767,8.460491180419922,0.448833167552948
12,uma,3,qpsk,0,5.787596558054737,3,2,1,2,4.0,1,6.023067078217787,,3500000000.0,8,1024,1,4,2,0.30078125,704,0.01,frozen,12,451816144,6.634491682052612,channels/000012/H.npy,channels/000012/H_int.npy,channels/000012/R_iot.npy,4.745397820587029,8.113911267181148,7.75,6.75,6.25,ok,ok,ok,ok,ok,0.5935125117915994,1.0707192866133064,3.0284667015075684,2.0,1.9086726195965547,4.742679595947266,1.0,0.999984085559845,7.061797855055288,0.35630008578300476,0.3485147953033447,4.0,2.0,4.0,2.4257553256374447,12.732863426208496,0.5738581418991089
12,uma,3,qam16,1,5.787596558054737,3,2,1,2,4.0,1,6.023067078217787,,3500000000.0,8,1024,1,14,4,0.5400390625,2472,0.01,frozen,9,451816144,4.5124146938323975,channels/000012/H.npy,channels/000012/H_int.npy,channels/000012/R_iot.npy,12.77830108516624,15.105628679046772,15.25,14.209541425870245,13.367256550684823,ok,ok,ok,ok,ok,0.5935125117915994,1.0707192866133064,3.0284667015075684,2.0,1.9086726195965547,4.742679595947266,1.0,0.999984085559845,7.061797855055288,0.35630008578300476,0.3485147953033447,4.0,2.0,4.0,2.4257553256374447,12.732863426208496,0.5738581418991089
12,uma,3,qam64,2,5.787596558054737,3,2,1,2,4.0,1,6.023067078217787,,3500000000.0,8,1024,1,20,6,0.5537109375,3840,0.01,frozen,8,451816144,3.644258737564087,channels/000012/H.npy,channels/000012/H_int.npy,channels/000012/R_iot.npy,17.323002397417632,19.573539259285656,19.161311198478952,18.503515773663455,17.811131860515786,ok,ok,ok,ok,ok,0.5935125117915994,1.0707192866133064,3.0284667015075684,2.0,1.9086726195965547,4.742679595947266,1.0,0.999984085559845,7.061797855055288,0.35630008578300476,0.3485147953033447,4.0,2.0,4.0,2.4257553256374447,12.732863426208496,0.5738581418991089
13,umi,2,qpsk,0,0.0,0,2,2,4,4.0,2,5.979515031359014,,3500000000.0,8,1024,1,4,2,0.30078125,1416,0.01,frozen,16,1187212961,10.065121412277222,channels/000013/H.npy,,,-0.4467288007518818,4.269440526811609,3.2092009897355425,2.100529534142828,0.27157590533222714,ok,ok,ok,ok,ok,-1.4896944774075433,0.8423940217802242,26.61244010925293,4.0,2.5914882385388127,5.809291839599609,0.9993268847465515,0.9999241828918457,9.07167882401337,0.37455976009368896,5.811735153198242,4.0,4.0,0.0,0.0,0.0,0.0
13,umi,2,qam16,1,0.0,0,2,2,4,4.0,2,5.979515031359014,,3500000000.0,8,1024,1,14,4,0.5400390625,4992,0.01,frozen,13,1187212961,7.0851662158966064,channels/000013/H.npy,,,17.686800080170993,20.88941409498504,20.43556394004424,19.59699490260583,18.10855843229877,ok,ok,ok,ok,ok,-1.4896944774075433,0.8423940217802242,26.61244010925293,4.0,2.5914882385388127,5.809291839599609,0.9993268847465515,0.9999241828918457,9.07167882401337,0.37455976009368896,5.811735153198242,4.0,4.0,0.0,0.0,0.0,0.0
13,umi,2,qam64,2,0.0,0,2,2,4,4.0,2,5.979515031359014,,3500000000.0,8,1024,1,20,6,0.5537109375,7680,0.01,frozen,10,1187212961,6.084927082061768,channels/000013/H.npy,,,24.04022893249824,27.544736344808566,26.79407518041691,26.180060689535765,24.788993799403762,ok,ok,ok,ok,ok,-1.4896944774075433,0.8423940217802242,26.61244010925293,4.0,2.5914882385388127,5.809291839599609,0.9993268847465515,0.9999241828918457,9.07167882401337,0.37455976009368896,5.811735153198242,4.0,4.0,0.0,0.0,0.0,0.0
14,umi,2,qpsk,0,0.0,0,2,2,4,4.0,2,8.933589054016972,,3500000000.0,8,1024,1,4,2,0.30078125,1416,0.01,frozen,14,1970352395,9.850210905075073,channels/000014/H.npy,,,-3.3870087785418193,2.25,1.25,-0.23797204455045678,3.9754417611020827,ok,ok,ok,ok,ok,-0.2504843262441547,0.9715737749968801,20.186264038085938,4.0,2.7693989279841826,6.850286483764648,0.9881202578544617,0.9998950362205505,8.773848659339606,0.3028015196323395,2.5649592876434326,4.0,4.0,0.0,0.0,0.0,0.0
14,umi,2,qam16,1,0.0,0,2,2,4,4.0,2,8.933589054016972,,3500000000.0,8,1024,1,14,4,0.5400390625,4992,0.01,frozen,21,1970352395,15.131062030792236,channels/000014/H.npy,,,10.126152635505395,22.409073854368913,16.1782680450086,15.322977463495791,,ok,ok,ok,ok,not_reached,-0.2504843262441547,0.9715737749968801,20.186264038085938,4.0,2.7693989279841826,6.850286483764648,0.9881202578544617,0.9998950362205505,8.773848659339606,0.3028015196323395,2.5649592876434326,4.0,4.0,0.0,0.0,0.0,0.0
14,umi,2,qam64,2,0.0,0,2,2,4,4.0,2,8.933589054016972,,3500000000.0,8,1024,1,20,6,0.5537109375,7680,0.01,frozen,10,1970352395,7.423083782196045,channels/000014/H.npy,,,16.126946517616254,,,,,ok,not_reached,not_reached,not_reached,not_reached,-0.2504843262441547,0.9715737749968801,20.186264038085938,4.0,2.7693989279841826,6.850286483764648,0.9881202578544617,0.9998950362205505,8.773848659339606,0.3028015196323395,2.5649592876434326,4.0,4.0,0.0,0.0,0.0,0.0
15,umi,2,qpsk,0,15.52353587760986,2,2,2,4,4.0,2,8.233056109207247,,3500000000.0,8,1024,1,4,2,0.30078125,1416,0.01,frozen,16,396665539,9.81692123413086,channels/000015/H.npy,channels/000015/H_int.npy,channels/000015/R_iot.npy,13.631599239912667,18.90348156316207,17.608942455787094,16.656776396350956,14.55783439498439,ok,ok,ok,ok,ok,-0.010993176233552284,0.9987351643936928,8.769632339477539,4.0,3.5615194072541914,8.451593399047852,0.9952881932258606,0.9998189210891724,10.758527468166983,0.10799132287502289,1.8233211040496826,4.0,4.0,4.0,2.5059540684663624,9.795609474182129,0.4997937083244324
15,umi,2,qam16,1,15.52353587760986,2,2,2,4,4.0,2,8.233056109207247,,3500000000.0,8,1024,1,14,4,0.5400390625,4992,0.01,frozen,14,396665539,8.41471242904663,channels/000015/H.npy,channels/000015/H_int.npy,channels/000015/R_iot.npy,25.183800176304175,28.313835583951974,27.63658543731395,26.65407162893769,25.808000594979788,ok,ok,ok,ok,ok,-0.010993176233552284,0.9987351643936928,8.769632339477539,4.0,3.5615194072541914,8.451593399047852,0.9952881932258606,0.9998189210891724,10.758527468166983,0.10799132287502289,1.8233211040496826,4.0,4.0,4.0,2.5059540684663624,9.795609474182129,0.4997937083244324
15,umi,2,qam64,2,15.52353587760986,2,2,2,4,4.0,2,8.233056109207247,,3500000000.0,8,1024,1,20,6,0.5537109375,7680,0.01,frozen,16,396665539,9.168975114822388,channels/000015/H.npy,channels/000015/H_int.npy,channels/000015/R_iot.npy,30.602096041662936,34.50715123102209,33.23565114930935,32.417343816091794,31.420677629379504,ok,ok,ok,ok,ok,-0.010993176233552284,0.9987351643936928,8.769632339477539,4.0,3.5615194072541914,8.451593399047852,0.9952881932258606,0.9998189210891724,10.758527468166983,0.10799132287502289,1.8233211040496826,4.0,4.0,4.0,2.5059540684663624,9.795609474182129,0.4997937083244324
16,cdl-b,0,qpsk,0,18.635922702112143,3,3,1,3,4.0,1,4.272951061488602,131.95383075001914,3500000000.0,8,1024,1,4,2,0.30078125,704,0.01,frozen,13,394051731,8.38693642616272,channels/000016/H.npy,channels/000016/H_int.npy,channels/000016/R_iot.npy,20.212073111604482,24.770577624118147,24.25,22.814321060271276,21.112192699015825,ok,ok,ok,ok,ok,1.4597261070403955,1.1830042513547656,13.302755355834961,3.0,2.1417058333873484,6.260618209838867,1.0,0.9999933838844299,10.039876545728454,0.5551434755325317,3.2555387020111084,4.0,3.0,4.0,2.3762607998616585,12.858077049255371,0.5857279300689697
16,cdl-b,0,qam16,1,18.635922702112143,3,3,1,3,4.0,1,4.272951061488602,131.95383075001914,3500000000.0,8,1024,1,14,4,0.5400390625,2472,0.01,frozen,12,394051731,6.493973016738892,channels/000016/H.npy,channels/000016/H_int.npy,channels/000016/R_iot.npy,29.343478290118163,32.42600454495516,32.0775718201797,31.018457191989665,29.99627196976966,ok,ok,ok,ok,ok,1.4597261070403955,1.1830042513547656,13.302755355834961,3.0,2.1417058333873484,6.260618209838867,1.0,0.9999933838844299,10.039876545728454,0.5551434755325317,3.2555387020111084,4.0,3.0,4.0,2.3762607998616585,12.858077049255371,0.5857279300689697
16,cdl-b,0,qam64,2,18.635922702112143,3,3,1,3,4.0,1,4.272951061488602,131.95383075001914,3500000000.0,8,1024,1,20,6,0.5537109375,3840,0.01,frozen,10,394051731,6.111079454421997,channels/000016/H.npy,channels/000016/H_int.npy,channels/000016/R_iot.npy,34.04483470229257,36.9047984607549,36.41783727483697,35.56337783522368,34.58153854135692,ok,ok,ok,ok,ok,1.4597261070403955,1.1830042513547656,13.302755355834961,3.0,2.1417058333873484,6.260618209838867,1.0,0.9999933838844299,10.039876545728454,0.5551434755325317,3.2555387020111084,4.0,3.0,4.0,2.3762607998616585,12.858077049255371,0.5857279300689697
17,cdl-b,0,qpsk,0,3.2944594306899955,1,2,1,2,4.0,1,6.1205444214250875,290.61325810246024,3500000000.0,8,1024,1,4,2,0.30078125,704,0.01,frozen,17,1618816522,9.144092798233032,channels/000017/H.npy,channels/000017/H_int.npy,channels/000017/R_iot.npy,-3.25,0.75,-0.08210842374825411,-1.0175251028936985,-2.5049062630231567,ok,ok,ok,ok,ok,3.2183564813109014,1.4484977470962443,7.741605758666992,2.0,1.6789430384112967,5.616151332855225,0.9993427395820618,0.9999870657920837,10.360368057738143,0.5729379653930664,1.3721137046813965,4.0,2.0,4.0,1.9641095487953366,14.516629219055176,0.6707351803779602
17,cdl-b,0,qam16,1,3.2944594306899955,1,2,1,2,4.0,1,6.1205444214250875,290.61325810246024,3500000000.0,8,1024,1,14,4,0.5400390625,2472,0.01,frozen,13,1618816522,6.411162376403809,channels/000017/H.npy,channels/000017/H_int.npy,channels/000017/R_iot.npy,5.445930993000895,7.118444370728802,7.25,6.07960074062508,5.690551562266351,ok,ok,ok,ok,ok,3.2183564813109014,1.4484977470962443,7.741605758666992,2.0,1.6789430384112967,5.616151332855225,0.9993427395820618,0.9999870657920837,10.360368057738143,0.5729379653930664,1.3721137046813965,4.0,2.0,4.0,1.9641095487953366,14.516629219055176,0.6707351803779602
17,cdl-b,0,qam64,2,3.2944594306899955,1,2,1,2,4.0,1,6.1205444214250875,290.61325810246024,3500000000.0,8,1024,1,20,6,0.5537109375,3840,0.01,frozen,14,1618816522,6.595735549926758,channels/000017/H.npy,channels/000017/H_int.npy,channels/000017/R_iot.npy,9.709044805545215,11.963536065593955,11.337317563280875,10.793731858245412,10.140635637877663,ok,ok,ok,ok,ok,3.2183564813109014,1.4484977470962443,7.741605758666992,2.0,1.6789430384112967,5.616151332855225,0.9993427395820618,0.9999870657920837,10.360368057738143,0.5729379653930664,1.3721137046813965,4.0,2.0,4.0,1.9641095487953366,14.516629219055176,0.6707351803779602
18,cdl-c,1,qpsk,0,5.529133506492658,1,4,1,4,4.0,1,5.9553218386078015,50.25113976762956,3500000000.0,8,1024,1,4,2,0.30078125,704,0.01,frozen,17,871928107,9.980350971221924,channels/000018/H.npy,channels/000018/H_int.npy,channels/000018/R_iot.npy,3.8766209208575324,8.88576380082485,7.82755830578694,6.7387652250688665,4.6608231833505975,ok,ok,ok,ok,ok,-0.4494707870683219,0.9495688526666944,21.421154022216797,4.0,2.501411697208917,6.323884963989258,0.9998998641967773,0.9999693036079407,6.291952821793399,0.421039342880249,4.966841220855713,4.0,4.0,3.0,1.4245068264983072,31.36700439453125,0.8205405473709106
18,cdl-c,1,qam16,1,5.529133506492658,1,4,1,4,4.0,1,5.9553218386078015,50.25113976762956,3500000000.0,8,1024,1,14,4,0.5400390625,2472,0.01,frozen,12,871928107,6.484856367111206,channels/000018/H.npy,channels/000018/H_int.npy,channels/000018/R_iot.npy,16.26972318444689,19.048928670641423,18.65164111748039,17.931801108433216,16.554053290502775,ok,ok,ok,ok,ok,-0.4494707870683219,0.9495688526666944,21.421154022216797,4.0,2.501411697208917,6.323884963989258,0.9998998641967773,0.9999693036079407,6.291952821793399,0.421039342880249,4.966841220855713,4.0,4.0,3.0,1.4245068264983072,31.36700439453125,0.8205405473709106
18,cdl-c,1,qam64,2,5.529133506492658,1,4,1,4,4.0,1,5.9553218386078015,50.25113976762956,3500000000.0,8,1024,1,20,6,0.5537109375,3840,0.01,frozen,13,871928107,6.681914329528809,channels/000018/H.npy,channels/000018/H_int.npy,channels/000018/R_iot.npy,21.634185149274593,24.269930832547875,23.880822020360544,23.22306880743376,21.935865302628034,ok,ok,ok,ok,ok,-0.4494707870683219,0.9495688526666944,21.421154022216797,4.0,2.501411697208917,6.323884963989258,0.9998998641967773,0.9999693036079407,6.291952821793399,0.421039342880249,4.966841220855713,4.0,4.0,3.0,1.4245068264983072,31.36700439453125,0.8205405473709106
19,cdl-c,1,qpsk,0,0.0,0,1,1,1,4.0,1,5.0143223184191745,139.20657647237735,3500000000.0,8,1024,1,4,2,0.30078125,704,0.01,frozen,12,1916973030,4.844213485717773,channels/000019/H.npy,,,-6.80663569365444,-3.25,-3.75,-4.583387356421089,-6.266186462165825,ok,ok,ok,ok,ok,-0.8047285550828204,0.911514480314676,0.0,1.0,1.0,2.0568883419036865,0.9999651312828064,0.9999896883964539,10.779436881957048,0.3824094235897064,0.0,4.0,1.0,0.0,0.0,0.0,0.0
19,cdl-c,1,qam16,1,0.0,0,1,1,1,4.0,1,5.0143223184191745,139.20657647237735,3500000000.0,8,1024,1,14,4,0.5400390625,2472,0.01,frozen,11,1916973030,4.0697548389434814,channels/000019/H.npy,,,1.80394611310265,3.185649461000669,3.25,2.75,1.9713269303150867,ok,ok,ok,ok,ok,-0.8047285550828204,0.911514480314676,0.0,1.0,1.0,2.0568883419036865,0.9999651312828064,0.9999896883964539,10.779436881957048,0.3824094235897064,0.0,4.0,1.0,0.0,0.0,0.0,0.0
19,cdl-c,1,qam64,2,0.0,0,1,1,1,4.0,1,5.0143223184191745,139.20657647237735,3500000000.0,8,1024,1,20,6,0.5537109375,3840,0.01,frozen,9,1916973030,3.337669849395752,channels/000019/H.npy,,,6.33264295624889,7.589124032068092,7.321451502711857,7.25,6.537651904784883,ok,ok,ok,ok,ok,-0.8047285550828204,0.911514480314676,0.0,1.0,1.0,2.0568883419036865,0.9999651312828064,0.9999896883964539,10.779436881957048,0.3824094235897064,0.0,4.0,1.0,0.0,0.0,0.0,0.0
20,uma,3,qpsk,0,0.0,0,3,1,3,4.0,1,4.014875915864884,,3500000000.0,8,1024,1,4,2,0.30078125,704,0.01,frozen,12,1456057277,6.302153825759888,channels/000020/H.npy,,,-5.000682847890527,-1.110449672169448,-1.6840762422193718,-2.7375258268302485,-3.636520233448289,ok,ok,ok,ok,ok,-0.9730799144864863,0.8940174676246881,7.536417007446289,3.0,2.652727491324345,5.6367340087890625,0.9849280714988708,0.9999324083328247,6.789490626271715,0.19416691362857819,0.7078356146812439,4.0,3.0,0.0,0.0,0.0,0.0
20,uma,3,qam16,1,0.0,0,3,1,3,4.0,1,4.014875915864884,,3500000000.0,8,1024,1,14,4,0.5400390625,2472,0.01,frozen,12,1456057277,6.532790422439575,channels/000020/H.npy,,,5.053976931826947,8.825991036932948,7.745991294624458,7.035439576863112,5.98215121679066,ok,ok,ok,ok,ok,-0.9730799144864863,0.8940174676246881,7.536417007446289,3.0,2.652727491324345,5.6367340087890625,0.9849280714988708,0.9999324083328247,6.789490626271715,0.19416691362857819,0.7078356146812439,4.0,3.0,0.0,0.0,0.0,0.0
20,uma,3,qam64,2,0.0,0,3,1,3,4.0,1,4.014875915864884,,3500000000.0,8,1024,1,20,6,0.5537109375,3840,0.01,frozen,16,1456057277,8.623688697814941,channels/000020/H.npy,,,9.789031934768188,17.4093279760647,13.23851226371701,12.601059462600363,10.883104892345258,ok,ok,ok,ok,ok,-0.9730799144864863,0.8940174676246881,7.536417007446289,3.0,2.652727491324345,5.6367340087890625,0.9849280714988708,0.9999324083328247,6.789490626271715,0.19416691362857819,0.7078356146812439,4.0,3.0,0.0,0.0,0.0,0.0
21,uma,3,qpsk,0,2.8223322632168224,1,2,1,2,4.0,1,7.368688056118561,,3500000000.0,8,1024,1,4,2,0.30078125,704,0.01,frozen,13,1386465734,6.3790857791900635,channels/000021/H.npy,channels/000021/H_int.npy,channels/000021/R_iot.npy,-1.365059420328109,3.25,2.279412252071541,1.4762680032404207,-0.3879087078520871,ok,ok,ok,ok,ok,-0.776919424387073,0.9144375023694873,6.587347507476807,2.0,1.755896481223802,3.7137134075164795,0.9955224990844727,0.9999020099639893,12.013002252156744,0.3411567807197571,3.85744047164917,4.0,2.0,4.0,1.2816077255088516,17.228239059448242,0.8790234327316284
21,uma,3,qam16,1,2.8223322632168224,1,2,1,2,4.0,1,7.368688056118561,,3500000000.0,8,1024,1,14,4,0.5400390625,2472,0.01,frozen,9,1386465734,4.438939571380615,channels/000021/H.npy,channels/000021/H_int.npy,channels/000021/R_iot.npy,8.25,10.678648326997774,9.983570937824963,9.475676038976548,8.740572992814375,ok,ok,ok,ok,ok,-0.776919424387073,0.9144375023694873,6.587347507476807,2.0,1.755896481223802,3.7137134075164795,0.9955224990844727,0.9999020099639893,12.013002252156744,0.3411567807197571,3.85744047164917,4.0,2.0,4.0,1.2816077255088516,17.228239059448242,0.8790234327316284
21,uma,3,qam64,2,2.8223322632168224,1,2,1,2,4.0,1,7.368688056118561,,3500000000.0,8,1024,1,20,6,0.5537109375,3840,0.01,frozen,13,1386465734,6.656361103057861,channels/000021/H.npy,channels/000021/H_int.npy,channels/000021/R_iot.npy,12.60439439443843,16.50147154223699,15.29231932966841,14.566371803100985,13.936842755702683,ok,ok,ok,ok,ok,-0.776919424387073,0.9144375023694873,6.587347507476807,2.0,1.755896481223802,3.7137134075164795,0.9955224990844727,0.9999020099639893,12.013002252156744,0.3411567807197571,3.85744047164917,4.0,2.0,4.0,1.2816077255088516,17.228239059448242,0.8790234327316284
22,uma,3,qpsk,0,0.0,0,2,1,2,4.0,1,5.0525207850514136,,3500000000.0,8,1024,1,4,2,0.30078125,704,0.01,frozen,12,413782176,5.359840631484985,channels/000022/H.npy,,,-6.0159522234450575,-2.221507763894264,-2.6928744450834965,-3.573339740672799,-4.566347249501495,ok,ok,ok,ok,ok,-0.6747667063467455,0.925255477266506,3.6237692832946777,2.0,1.9012102041243701,4.005964756011963,0.9533569812774658,0.9998887181282043,10.819801737883306,0.22529330849647522,1.891188621520996,4.0,2.0,0.0,0.0,0.0,0.0
22,uma,3,qam16,1,0.0,0,2,1,2,4.0,1,5.0525207850514136,,3500000000.0,8,1024,1,14,4,0.5400390625,2472,0.01,frozen,19,413782176,9.509219408035278,channels/000022/H.npy,,,2.6318555713335456,,6.817772344741251,6.0741677765744075,4.227089104997563,ok,not_reached,ok,ok,ok,-0.6747667063467455,0.925255477266506,3.6237692832946777,2.0,1.9012102041243701,4.005964756011963,0.9533569812774658,0.9998887181282043,10.819801737883306,0.22529330849647522,1.891188621520996,4.0,2.0,0.0,0.0,0.0,0.0
22,uma,3,qam64,2,0.0,0,2,1,2,4.0,1,5.0525207850514136,,3500000000.0,8,1024,1,20,6,0.5537109375,3840,0.01,frozen,13,413782176,5.617968559265137,channels/000022/H.npy,,,7.75,,,,,ok,not_reached,not_reached,not_reached,not_reached,-0.6747667063467455,0.925255477266506,3.6237692832946777,2.0,1.9012102041243701,4.005964756011963,0.9533569812774658,0.9998887181282043,10.819801737883306,0.22529330849647522,1.891188621520996,4.0,2.0,0.0,0.0,0.0,0.0
23,umi,2,qpsk,0,1.256455026816008,3,2,2,4,4.0,2,6.680288136766193,,3500000000.0,8,1024,1,4,2,0.30078125,1416,0.01,frozen,16,1425565995,10.652120590209961,channels/000023/H.npy,channels/000023/H_int.npy,channels/000023/R_iot.npy,4.660507632965587,10.25,9.01417777658233,7.640224585182172,5.8349673212168245,ok,ok,ok,ok,ok,-0.41071825472667955,0.9538148665961532,14.96323299407959,4.0,3.0369651804762725,7.174560546875,0.9882766604423523,0.9999807476997375,12.442953528299462,0.2777452766895294,2.692948341369629,4.0,4.0,4.0,2.6562995170647343,7.971680164337158,0.5442999005317688
23,umi,2,qam16,1,1.256455026816008,3,2,2,4,4.0,2,6.680288136766193,,3500000000.0,8,1024,1,14,4,0.5400390625,4992,0.01,frozen,18,1425565995,10.05167531967163,channels/000023/H.npy,channels/000023/H_int.npy,channels/000023/R_iot.npy,15.675959728638869,21.257446284256286,19.667224703276705,18.551998598060138,17.2128331061179,ok,ok,ok,ok,ok,-0.41071825472667955,0.9538148665961532,14.96323299407959,4.0,3.0369651804762725,7.174560546875,0.9882766604423523,0.9999807476997375,12.442953528299462,0.2777452766895294,2.692948341369629,4.0,4.0,4.0,2.6562995170647343,7.971680164337158,0.5442999005317688
23,umi,2,qam64,2,1.256455026816008,3,2,2,4,4.0,2,6.680288136766193,,3500000000.0,8,1024,1,20,6,0.5537109375,7680,0.01,frozen,19,1425565995,12.090060710906982,channels/000023/H.npy,channels/000023/H_int.npy,channels/000023/R_iot.npy,21.164698354170977,,29.101262050168767,28.010085786479745,25.180476421307677,ok,not_reached,ok,ok,ok,-0.41071825472667955,0.9538148665961532,14.96323299407959,4.0,3.0369651804762725,7.174560546875,0.9882766604423523,0.9999807476997375,12.442953528299462,0.2777452766895294,2.692948341369629,4.0,4.0,4.0,2.6562995170647343,7.971680164337158,0.5442999005317688
24,umi,2,qpsk,0,0.0,0,2,1,2,4.0,1,5.766855245632011,,3500000000.0,8,1024,1,4,2,0.30078125,704,0.01,frozen,14,1620960451,6.582502603530884,channels/000024/H.npy,,,-4.792486165487195,-0.75,-1.6203602640203603,-2.25,-3.324128855103974,ok,ok,ok,ok,ok,-1.397400725277214,0.8513927815548674,7.151816368103027,2.0,1.7294524565447773,3.3706727027893066,0.9849719405174255,0.9998661279678345,13.104049842651184,0.4307800829410553,1.2957425117492676,4.0,2.0,0.0,0.0,0.0,0.0
24,umi,2,qam16,1,0.0,0,2,1,2,4.0,1,5.766855245632011,,3500000000.0,8,1024,1,14,4,0.5400390625,2472,0.01,frozen,14,1620960451,7.074536085128784,channels/000024/H.npy,,,4.796741897354325,8.489312352710606,7.373506669363433,6.592743290370517,9.128406969709653,ok,ok,ok,ok,ok,-1.397400725277214,0.8513927815548674,7.151816368103027,2.0,1.7294524565447773,3.3706727027893066,0.9849719405174255,0.9998661279678345,13.104049842651184,0.4307800829410553,1.2957425117492676,4.0,2.0,0.0,0.0,0.0,0.0
24,umi,2,qam64,2,0.0,0,2,1,2,4.0,1,5.766855245632011,,3500000000.0,8,1024,1,20,6,0.5537109375,3840,0.01,frozen,20,1620960451,9.931190490722656,channels/000024/H.npy,,,9.663389356849217,21.89212069248372,14.624362374538096,13.988018580600025,,ok,ok,ok,ok,not_reached,-1.397400725277214,0.8513927815548674,7.151816368103027,2.0,1.7294524565447773,3.3706727027893066,0.9849719405174255,0.9998661279678345,13.104049842651184,0.4307800829410553,1.2957425117492676,4.0,2.0,0.0,0.0,0.0,0.0
25,cdl-b,0,qpsk,0,0.09229529785544033,3,2,1,2,4.0,1,9.32757643637353,72.76838304487512,3500000000.0,8,1024,1,4,2,0.30078125,704,0.01,frozen,14,319940233,6.691614151000977,channels/000025/H.npy,channels/000025/H_int.npy,channels/000025/R_iot.npy,1.7509507634793253,6.183774375970914,6.25,4.75,2.7651351452051776,ok,ok,ok,ok,ok,-0.26798130955205635,0.9696185924893203,11.694820404052734,2.0,1.491888636198091,3.5815277099609375,0.9992163777351379,0.9998950958251953,7.41835661553096,0.6264850497245789,0.826606035232544,4.0,2.0,4.0,2.4527155268231593,10.360239028930664,0.5797702074050903
25,cdl-b,0,qam16,1,0.09229529785544033,3,2,1,2,4.0,1,9.32757643637353,72.76838304487512,3500000000.0,8,1024,1,14,4,0.5400390625,2472,0.01,frozen,12,319940233,5.142630577087402,channels/000025/H.npy,channels/000025/H_int.npy,channels/000025/R_iot.npy,11.85290631940479,14.360764719310868,13.960857323682095,13.079163696244567,12.047069207936085,ok,ok,ok,ok,ok,-0.26798130955205635,0.9696185924893203,11.694820404052734,2.0,1.491888636198091,3.5815277099609375,0.9992163777351379,0.9998950958251953,7.41835661553096,0.6264850497245789,0.826606035232544,4.0,2.0,4.0,2.4527155268231593,10.360239028930664,0.5797702074050903
25,cdl-b,0,qam64,2,0.09229529785544033,3,2,1,2,4.0,1,9.32757643637353,72.76838304487512,3500000000.0,8,1024,1,20,6,0.5537109375,3840,0.01,frozen,9,319940233,3.6592392921447754,channels/000025/H.npy,channels/000025/H_int.npy,channels/000025/R_iot.npy,16.888732452633615,18.78547654496332,18.40768191654563,17.773118661950353,17.01602278020671,ok,ok,ok,ok,ok,-0.26798130955205635,0.9696185924893203,11.694820404052734,2.0,1.491888636198091,3.5815277099609375,0.9992163777351379,0.9998950958251953,7.41835661553096,0.6264850497245789,0.826606035232544,4.0,2.0,4.0,2.4527155268231593,10.360239028930664,0.5797702074050903
26,cdl-c,1,qpsk,0,9.953281827881126,2,4,1,4,4.0,1,8.41067964586481,264.56260957610186,3500000000.0,8,1024,1,4,2,0.30078125,704,0.01,frozen,17,1929392545,11.868206977844238,channels/000026/H.npy,channels/000026/H_int.npy,channels/000026/R_iot.npy,10.239295689416702,16.495972172473117,15.229318344092777,13.60701668221685,12.301311210948176,ok,ok,ok,ok,ok,-2.143957653733558,0.7812717434718358,30.236478805541992,4.0,2.66047786130404,5.412945747375488,0.9959161281585693,0.9998742341995239,15.087732466647529,0.34093794226646423,1.2807695865631104,4.0,4.0,4.0,1.599262060445016,17.376577377319336,0.7681452631950378
26,cdl-c,1,qam16,1,9.953281827881126,2,4,1,4,4.0,1,8.41067964586481,264.56260957610186,3500000000.0,8,1024,1,14,4,0.5400390625,2472,0.01,frozen,20,1929392545,11.250805377960205,channels/000026/H.npy,channels/000026/H_int.npy,channels/000026/R_iot.npy,31.005509980297962,36.80477133699151,35.04497531991931,33.345879876507475,32.85090247682049,ok,ok,ok,ok,ok,-2.143957653733558,0.7812717434718358,30.236478805541992,4.0,2.66047786130404,5.412945747375488,0.9959161281585693,0.9998742341995239,15.087732466647529,0.34093794226646423,1.2807695865631104,4.0,4.0,4.0,1.599262060445016,17.376577377319336,0.7681452631950378
26,cdl-c,1,qam64,2,9.953281827881126,2,4,1,4,4.0,1,8.41067964586481,264.56260957610186,3500000000.0,8,1024,1,20,6,0.5537109375,3840,0.01,frozen,10,1929392545,2.3750205039978027,channels/000026/H.npy,channels/000026/H_int.npy,channels/000026/R_iot.npy,37.41524716771618,,,,,ok,not_reached,not_reached,not_reached,not_reached,-2.143957653733558,0.7812717434718358,30.236478805541992,4.0,2.66047786130404,5.412945747375488,0.9959161281585693,0.9998742341995239,15.087732466647529,0.34093794226646423,1.2807695865631104,4.0,4.0,4.0,1.599262060445016,17.376577377319336,0.7681452631950378
27,cdl-c,1,qpsk,0,0.0,0,3,1,3,4.0,1,9.335607917585566,119.39168144966426,3500000000.0,8,1024,1,4,2,0.30078125,704,0.01,frozen,13,855811216,6.507255792617798,channels/000027/H.npy,,,3.9181765739383243,7.783119142969184,7.25,6.05433538541943,4.474272468960523,ok,ok,ok,ok,ok,0.5947004794247283,1.07086573872102,18.93923568725586,3.0,1.833033038767339,5.099761962890625,1.0,0.9998835921287537,11.805169210269646,0.6357654333114624,5.856217384338379,4.0,3.0,0.0,0.0,0.0,0.0
27,cdl-c,1,qam16,1,0.0,0,3,1,3,4.0,1,9.335607917585566,119.39168144966426,3500000000.0,8,1024,1,14,4,0.5400390625,2472,0.01,frozen,12,855811216,6.751878023147583,channels/000027/H.npy,,,13.221107293317827,15.774571914929407,15.392415968480686,14.727750239595947,13.60781430076173,ok,ok,ok,ok,ok,0.5947004794247283,1.07086573872102,18.93923568725586,3.0,1.833033038767339,5.099761962890625,1.0,0.9998835921287537,11.805169210269646,0.6357654333114624,5.856217384338379,4.0,3.0,0.0,0.0,0.0,0.0
27,cdl-c,1,qam64,2,0.0,0,3,1,3,4.0,1,9.335607917585566,119.39168144966426,3500000000.0,8,1024,1,20,6,0.5537109375,3840,0.01,frozen,13,855811216,7.762040615081787,channels/000027/H.npy,,,18.06162481183246,20.4472485285528,20.02385417887136,19.539291569067732,18.31546359277635,ok,ok,ok,ok,ok,0.5947004794247283,1.07086573872102,18.93923568725586,3.0,1.833033038767339,5.099761962890625,1.0,0.9998835921287537,11.805169210269646,0.6357654333114624,5.856217384338379,4.0,3.0,0.0,0.0,0.0,0.0
28,cdl-c,1,qpsk,0,0.0,0,4,1,4,4.0,1,8.144187412981083,386.49134543920445,3500000000.0,8,1024,1,4,2,0.30078125,704,0.01,frozen,12,1351725774,8.46517300605774,channels/000028/H.npy,,,0.5266551152936114,5.714490505932926,5.215891518645084,3.4822334351737565,2.185890920210833,ok,ok,ok,ok,ok,-0.31742147347895816,0.9641151920800483,22.003917694091797,4.0,2.4164591472600208,6.161141395568848,0.9985078573226929,0.9999575018882751,12.340443394535935,0.4844984710216522,1.9578111171722412,4.0,4.0,0.0,0.0,0.0,0.0
28,cdl-c,1,qam16,1,0.0,0,4,1,4,4.0,1,8.144187412981083,386.49134543920445,3500000000.0,8,1024,1,14,4,0.5400390625,2472,0.01,frozen,13,1351725774,7.5958476066589355,channels/000028/H.npy,,,15.332274907950088,19.3472321998326,18.38211331446328,17.62628350248026,16.492640402254324,ok,ok,ok,ok,ok,-0.31742147347895816,0.9641151920800483,22.003917694091797,4.0,2.4164591472600208,6.161141395568848,0.9985078573226929,0.9999575018882751,12.340443394535935,0.4844984710216522,1.9578111171722412,4.0,4.0,0.0,0.0,0.0,0.0
28,cdl-c,1,qam64,2,0.0,0,4,1,4,4.0,1,8.144187412981083,386.49134543920445,3500000000.0,8,1024,1,20,6,0.5537109375,3840,0.01,frozen,14,1351725774,9.135252952575684,channels/000028/H.npy,,,20.695800811347087,27.600069408719783,24.58862405120549,23.853100219119696,22.551897831086276,ok,ok,ok,ok,ok,-0.31742147347895816,0.9641151920800483,22.003917694091797,4.0,2.4164591472600208,6.161141395568848,0.9985078573226929,0.9999575018882751,12.340443394535935,0.4844984710216522,1.9578111171722412,4.0,4.0,0.0,0.0,0.0,0.0
29,uma,3,qpsk,0,3.614126219945646,3,1,1,1,4.0,1,5.788569759948485,,3500000000.0,8,1024,1,4,2,0.30078125,704,0.01,frozen,10,1671663954,4.481127023696899,channels/000029/H.npy,channels/000029/H_int.npy,channels/000029/R_iot.npy,2.25,4.825942728984915,4.75,3.75,3.25,ok,ok,ok,ok,ok,-1.2860867662407167,0.8623740145678626,0.0,1.0,1.0,1.9877827167510986,1.0,0.9998520612716675,11.695985098995454,0.6703102588653564,0.0,4.0,1.0,4.0,2.561957389115999,9.999741554260254,0.5008767247200012
29,uma,3,qam16,1,3.614126219945646,3,1,1,1,4.0,1,5.788569759948485,,3500000000.0,8,1024,1,14,4,0.5400390625,2472,0.01,frozen,7,1671663954,2.8880398273468018,channels/000029/H.npy,channels/000029/H_int.npy,channels/000029/R_iot.npy,10.25,11.608960363526144,11.28404978350102,10.664931820785942,10.471118451812801,ok,ok,ok,ok,ok,-1.2860867662407167,0.8623740145678626,0.0,1.0,1.0,1.9877827167510986,1.0,0.9998520612716675,11.695985098995454,0.6703102588653564,0.0,4.0,1.0,4.0,2.561957389115999,9.999741554260254,0.5008767247200012
29,uma,3,qam64,2,3.614126219945646,3,1,1,1,4.0,1,5.788569759948485,,3500000000.0,8,1024,1,20,6,0.5537109375,3840,0.01,frozen,8,1671663954,2.9488885402679443,channels/000029/H.npy,channels/000029/H_int.npy,channels/000029/R_iot.npy,14.628660895168911,15.779663764016384,15.615636453318343,15.165506950607906,14.926479541986636,ok,ok,ok,ok,ok,-1.2860867662407167,0.8623740145678626,0.0,1.0,1.0,1.9877827167510986,1.0,0.9998520612716675,11.695985098995454,0.6703102588653564,0.0,4.0,1.0,4.0,2.561957389115999,9.999741554260254,0.5008767247200012
30,umi,2,qpsk,0,6.905596304548702,3,1,1,1,4.0,1,8.545052820608783,,3500000000.0,8,1024,1,4,2,0.30078125,704,0.01,frozen,12,1541274107,5.472499847412109,channels/000030/H.npy,channels/000030/H_int.npy,channels/000030/R_iot.npy,5.327516834961641,8.990833430756508,8.182864890467332,7.476610363925484,6.157584678530155,ok,ok,ok,ok,ok,-3.95439414781306,0.6342789412809462,0.0,1.0,1.0,1.3690032958984375,0.9948669672012329,0.9998298287391663,9.025754399413673,0.418242484331131,0.0,4.0,1.0,4.0,2.0669415859995,15.025104522705078,0.6228039860725403
30,umi,2,qam16,1,6.905596304548702,3,1,1,1,4.0,1,8.545052820608783,,3500000000.0,8,1024,1,14,4,0.5400390625,2472,0.01,frozen,8,1541274107,2.9589972496032715,channels/000030/H.npy,channels/000030/H_int.npy,channels/000030/R_iot.npy,13.800990514108781,15.75,14.932128294640215,14.75,14.032779877892734,ok,ok,ok,ok,ok,-3.95439414781306,0.6342789412809462,0.0,1.0,1.0,1.3690032958984375,0.9948669672012329,0.9998298287391663,9.025754399413673,0.418242484331131,0.0,4.0,1.0,4.0,2.0669415859995,15.025104522705078,0.6228039860725403
30,umi,2,qam64,2,6.905596304548702,3,1,1,1,4.0,1,8.545052820608783,,3500000000.0,8,1024,1,20,6,0.5537109375,3840,0.01,frozen,10,1541274107,4.132250070571899,channels/000030/H.npy,channels/000030/H_int.npy,channels/000030/R_iot.npy,18.382337315849487,20.06835190239762,19.29497224884345,19.038857810751537,18.75,ok,ok,ok,ok,ok,-3.95439414781306,0.6342789412809462,0.0,1.0,1.0,1.3690032958984375,0.9948669672012329,0.9998298287391663,9.025754399413673,0.418242484331131,0.0,4.0,1.0,4.0,2.0669415859995,15.025104522705078,0.6228039860725403
31,cdl-b,0,qpsk,0,3.2698119264888414,1,1,1,1,4.0,1,4.601589034736485,69.63604925375802,3500000000.0,8,1024,1,4,2,0.30078125,704,0.01,frozen,11,680269065,4.265981674194336,channels/000031/H.npy,channels/000031/H_int.npy,channels/000031/R_iot.npy,-1.25,1.25,0.75,0.25,-1.0869727284690645,ok,ok,ok,ok,ok,1.218852873238119,1.1506484152479832,0.0,1.0,1.0,2.6493570804595947,1.0,0.9999714493751526,7.48477023931164,0.6586791276931763,0.0,4.0,1.0,4.0,1.5065654200703489,18.539430618286133,0.7995178699493408
31,cdl-b,0,qam16,1,3.2698119264888414,1,1,1,1,4.0,1,4.601589034736485,69.63604925375802,3500000000.0,8,1024,1,14,4,0.5400390625,2472,0.01,frozen,11,680269065,4.239522933959961,channels/000031/H.npy,channels/000031/H_int.npy,channels/000031/R_iot.npy,6.696032391722225,8.040646340355796,7.5769513045885,7.21238135691048,6.797985003921107,ok,ok,ok,ok,ok,1.218852873238119,1.1506484152479832,0.0,1.0,1.0,2.6493570804595947,1.0,0.9999714493751526,7.48477023931164,0.6586791276931763,0.0,4.0,1.0,4.0,1.5065654200703489,18.539430618286133,0.7995178699493408
31,cdl-b,0,qam64,2,3.2698119264888414,1,1,1,1,4.0,1,4.601589034736485,69.63604925375802,3500000000.0,8,1024,1,20,6,0.5537109375,3840,0.01,frozen,10,680269065,3.7797698974609375,channels/000031/H.npy,channels/000031/H_int.npy,channels/000031/R_iot.npy,11.169617686872074,12.75,12.193314447231602,11.756295335053334,11.23924694400835,ok,ok,ok,ok,ok,1.218852873238119,1.1506484152479832,0.0,1.0,1.0,2.6493570804595947,1.0,0.9999714493751526,7.48477023931164,0.6586791276931763,0.0,4.0,1.0,4.0,1.5065654200703489,18.539430618286133,0.7995178699493408
32,cdl-c,1,qpsk,0,19.14203398047932,2,1,1,1,4.0,1,6.719893407129615,352.65936326495165,3500000000.0,8,1024,1,4,2,0.30078125,704,0.01,frozen,15,1874862090,5.585612535476685,channels/000032/H.npy,channels/000032/H_int.npy,channels/000032/R_iot.npy,12.736515621669412,16.75,16.75,15.215566271733731,14.75,ok,ok,ok,ok,ok,-0.6325953357864761,0.9297586622170569,0.0,1.0,1.0,2.14324951171875,0.9987853765487671,0.9999622106552124,13.925719066918386,0.4407816231250763,0.0,4.0,1.0,4.0,1.7501920598567149,15.632328987121582,0.7318317294120789
32,cdl-c,1,qam16,1,19.14203398047932,2,1,1,1,4.0,1,6.719893407129615,352.65936326495165,3500000000.0,8,1024,1,14,4,0.5400390625,2472,0.01,frozen,11,1874862090,3.5342040061950684,channels/000032/H.npy,channels/000032/H_int.npy,channels/000032/R_iot.npy,21.195059319689996,23.25,22.65257711854737,22.25,21.55852188709103,ok,ok,ok,ok,ok,-0.6325953357864761,0.9297586622170569,0.0,1.0,1.0,2.14324951171875,0.9987853765487671,0.9999622106552124,13.925719066918386,0.4407816231250763,0.0,4.0,1.0,4.0,1.7501920598567149,15.632328987121582,0.7318317294120789
32,cdl-c,1,qam64,2,19.14203398047932,2,1,1,1,4.0,1,6.719893407129615,352.65936326495165,3500000000.0,8,1024,1,20,6,0.5537109375,3840,0.01,frozen,11,1874862090,2.838865041732788,channels/000032/H.npy,channels/000032/H_int.npy,channels/000032/R_iot.npy,25.89743717654015,27.01097763192076,26.69943036551946,26.4910122854163,26.141289226945133,ok,ok,ok,ok,ok,-0.6325953357864761,0.9297586622170569,0.0,1.0,1.0,2.14324951171875,0.9987853765487671,0.9999622106552124,13.925719066918386,0.4407816231250763,0.0,4.0,1.0,4.0,1.7501920598567149,15.632328987121582,0.7318317294120789
33,uma,3,qpsk,0,10.185250473874518,3,2,1,2,4.0,1,7.320014684180526,,3500000000.0,8,1024,1,4,2,0.30078125,704,0.01,frozen,13,1247526175,6.5654213428497314,channels/000033/H.npy,channels/000033/H_int.npy,channels/000033/R_iot.npy,6.70305796122636,10.80709393878014,9.939476689315267,9.25,8.087822532962969,ok,ok,ok,ok,ok,-1.0686650550979808,0.8842330576077332,5.855168342590332,2.0,1.8142086584978605,3.778090476989746,1.0,0.9999266862869263,7.98580442488939,0.4893537163734436,2.4854001998901367,4.0,2.0,4.0,2.8392938917207338,8.145139694213867,0.5010485649108887
33,uma,3,qam16,1,10.185250473874518,3,2,1,2,4.0,1,7.320014684180526,,3500000000.0,8,1024,1,14,4,0.5400390625,2472,0.01,frozen,10,1247526175,4.783979177474976,channels/000033/H.npy,channels/000033/H_int.npy,channels/000033/R_iot.npy,15.195850831948425,17.57621400189072,17.08500444984281,16.312140565988702,15.818450122291734,ok,ok,ok,ok,ok,-1.0686650550979808,0.8842330576077332,5.855168342590332,2.0,1.8142086584978605,3.778090476989746,1.0,0.9999266862869263,7.98580442488939,0.4893537163734436,2.4854001998901367,4.0,2.0,4.0,2.8392938917207338,8.145139694213867,0.5010485649108887
33,uma,3,qam64,2,10.185250473874518,3,2,1,2,4.0,1,7.320014684180526,,3500000000.0,8,1024,1,20,6,0.5537109375,3840,0.01,frozen,7,1247526175,4.069988489151001,channels/000033/H.npy,channels/000033/H_int.npy,channels/000033/R_iot.npy,20.023892662830736,21.911605530858306,21.31551796135262,20.814566359549058,20.435111170875565,ok,ok,ok,ok,ok,-1.0686650550979808,0.8842330576077332,5.855168342590332,2.0,1.8142086584978605,3.778090476989746,1.0,0.9999266862869263,7.98580442488939,0.4893537163734436,2.4854001998901367,4.0,2.0,4.0,2.8392938917207338,8.145139694213867,0.5010485649108887
34,umi,2,qpsk,0,6.448222440655611,3,2,2,4,4.0,2,4.348019777188647,,3500000000.0,8,1024,1,4,2,0.30078125,1416,0.01,frozen,13,110079982,8.372376203536987,channels/000034/H.npy,channels/000034/H_int.npy,channels/000034/R_iot.npy,6.924427065565998,11.75,10.77778654958422,9.59554359850033,7.917827877220773,ok,ok,ok,ok,ok,0.9362797571889496,1.1138173736505026,13.017362594604492,4.0,3.1760039682913255,8.384969711303711,1.0,0.9999678134918213,10.353937836825375,0.3018488585948944,3.807227611541748,4.0,4.0,4.0,3.368920532168073,5.10154914855957,0.3985253870487213
34,umi,2,qam16,1,6.448222440655611,3,2,2,4,4.0,2,4.348019777188647,,3500000000.0,8,1024,1,14,4,0.5400390625,4992,0.01,frozen,12,110079982,8.657143592834473,channels/000034/H.npy,channels/000034/H_int.npy,channels/000034/R_iot.npy,18.138669466836575,22.25947142411623,21.069303537734033,19.848121046998585,18.71120789012608,ok,ok,ok,ok,ok,0.9362797571889496,1.1138173736505026,13.017362594604492,4.0,3.1760039682913255,8.384969711303711,1.0,0.9999678134918213,10.353937836825375,0.3018488585948944,3.807227611541748,4.0,4.0,4.0,3.368920532168073,5.10154914855957,0.3985253870487213
34,umi,2,qam64,2,6.448222440655611,3,2,2,4,4.0,2,4.348019777188647,,3500000000.0,8,1024,1,20,6,0.5537109375,7680,0.01,frozen,16,110079982,10.336912393569946,channels/000034/H.npy,channels/000034/H_int.npy,channels/000034/R_iot.npy,23.523000347680043,30.09794311931415,27.577778778589508,26.35583906561456,24.777089394032156,ok,ok,ok,ok,ok,0.9362797571889496,1.1138173736505026,13.017362594604492,4.0,3.1760039682913255,8.384969711303711,1.0,0.9999678134918213,10.353937836825375,0.3018488585948944,3.807227611541748,4.0,4.0,4.0,3.368920532168073,5.10154914855957,0.3985253870487213
35,umi,2,qpsk,0,12.346628930173962,3,1,1,1,4.0,1,7.418698169879697,,3500000000.0,8,1024,1,4,2,0.30078125,704,0.01,frozen,16,407020007,6.58459734916687,channels/000035/H.npy,channels/000035/H_int.npy,channels/000035/R_iot.npy,7.960702776879568,12.25,11.543878114701313,10.75,9.137350645489292,ok,ok,ok,ok,ok,-0.2506291213925239,0.9715575788440163,0.0,1.0,1.0,2.186095714569092,0.9864187240600586,0.9998040795326233,7.7960524849627335,0.4663267731666565,0.0,4.0,1.0,4.0,2.5097794474634716,10.130934715270996,0.5420568585395813
35,umi,2,qam16,1,12.346628930173962,3,1,1,1,4.0,1,7.418698169879697,,3500000000.0,8,1024,1,14,4,0.5400390625,2472,0.01,frozen,9,407020007,4.397044897079468,channels/000035/H.npy,channels/000035/H_int.npy,channels/000035/R_iot.npy,16.30055976327009,19.25,18.75,18.024164578786795,17.51647761071589,ok,ok,ok,ok,ok,-0.2506291213925239,0.9715575788440163,0.0,1.0,1.0,2.186095714569092,0.9864187240600586,0.9998040795326233,7.7960524849627335,0.4663267731666565,0.0,4.0,1.0,4.0,2.5097794474634716,10.130934715270996,0.5420568585395813
35,umi,2,qam64,2,12.346628930173962,3,1,1,1,4.0,1,7.418698169879697,,3500000000.0,8,1024,1,20,6,0.5537109375,3840,0.01,frozen,12,407020007,5.578839540481567,channels/000035/H.npy,channels/000035/H_int.npy,channels/000035/R_iot.npy,21.045274689112773,25.042485409719514,23.05364468802294,22.624567693790816,22.644437410000673,ok,ok,ok,ok,ok,-0.2506291213925239,0.9715575788440163,0.0,1.0,1.0,2.186095714569092,0.9864187240600586,0.9998040795326233,7.7960524849627335,0.4663267731666565,0.0,4.0,1.0,4.0,2.5097794474634716,10.130934715270996,0.5420568585395813
36,umi,2,qpsk,0,1.7592114984823048,3,2,2,4,4.0,2,3.9575952210984764,,3500000000.0,8,1024,1,4,2,0.30078125,1416,0.01,frozen,16,1870850585,11.291233777999878,channels/000036/H.npy,channels/000036/H_int.npy,channels/000036/R_iot.npy,7.209109368896275,13.75,12.415561585759603,11.25,9.605156746932936,ok,ok,ok,ok,ok,-1.7239966955972654,0.8199741574029917,20.06494140625,4.0,2.8763148622145946,5.987826824188232,0.9665085077285767,0.9999493956565857,9.901669573378816,0.25595593452453613,2.9993419647216797,4.0,4.0,4.0,3.0085004677747014,6.2093682289123535,0.42195022106170654
36,umi,2,qam16,1,1.7592114984823048,3,2,2,4,4.0,2,3.9575952210984764,,3500000000.0,8,1024,1,14,4,0.5400390625,4992,0.01,frozen,10,1870850585,6.246459007263184,channels/000036/H.npy,channels/000036/H_int.npy,channels/000036/R_iot.npy,20.570036791785125,,,,,ok,not_reached,not_reached,not_reached,not_reached,-1.7239966955972654,0.8199741574029917,20.06494140625,4.0,2.8763148622145946,5.987826824188232,0.9665085077285767,0.9999493956565857,9.901669573378816,0.25595593452453613,2.9993419647216797,4.0,4.0,4.0,3.0085004677747014,6.2093682289123535,0.42195022106170654
36,umi,2,qam64,2,1.7592114984823048,3,2,2,4,4.0,2,3.9575952210984764,,3500000000.0,8,1024,1,20,6,0.5537109375,7680,0.01,frozen,8,1870850585,4.266463756561279,channels/000036/H.npy,channels/000036/H_int.npy,channels/000036/R_iot.npy,26.612055362297635,,,,,ok,not_reached,not_reached,not_reached,not_reached,-1.7239966955972654,0.8199741574029917,20.06494140625,4.0,2.8763148622145946,5.987826824188232,0.9665085077285767,0.9999493956565857,9.901669573378816,0.25595593452453613,2.9993419647216797,4.0,4.0,4.0,3.0085004677747014,6.2093682289123535,0.42195022106170654
37,uma,3,qpsk,0,0.0,0,2,1,2,4.0,1,6.042699454327433,,3500000000.0,8,1024,1,4,2,0.30078125,704,0.01,frozen,14,1790340000,7.081337213516235,channels/000037/H.npy,,,-7.1940903259064655,-3.75,-4.440729225242296,-4.75,-6.746598890517541,ok,ok,ok,ok,ok,0.25094795476027826,1.029312857516451,4.417551040649414,2.0,1.8761620450369367,4.510213851928711,1.0,0.9999333024024963,8.448762881476688,0.4316827058792114,0.20614132285118103,4.0,2.0,0.0,0.0,0.0,0.0
37,uma,3,qam16,1,0.0,0,2,1,2,4.0,1,6.042699454327433,,3500000000.0,8,1024,1,14,4,0.5400390625,2472,0.01,frozen,12,1790340000,5.577501535415649,channels/000037/H.npy,,,1.5977049043346374,3.6100952095232652,3.227690061532654,2.6974031350803367,2.25,ok,ok,ok,ok,ok,0.25094795476027826,1.029312857516451,4.417551040649414,2.0,1.8761620450369367,4.510213851928711,1.0,0.9999333024024963,8.448762881476688,0.4316827058792114,0.20614132285118103,4.0,2.0,0.0,0.0,0.0,0.0
37,uma,3,qam64,2,0.0,0,2,1,2,4.0,1,6.042699454327433,,3500000000.0,8,1024,1,20,6,0.5537109375,3840,0.01,frozen,14,1790340000,7.010354280471802,channels/000037/H.npy,,,6.209191229949593,8.306610129935843,7.971444171640048,7.525953644785692,6.676868932267802,ok,ok,ok,ok,ok,0.25094795476027826,1.029312857516451,4.417551040649414,2.0,1.8761620450369367,4.510213851928711,1.0,0.9999333024024963,8.448762881476688,0.4316827058792114,0.20614132285118103,4.0,2.0,0.0,0.0,0.0,0.0
38,umi,2,qpsk,0,0.0,0,1,1,1,4.0,1,6.728986019789604,,3500000000.0,8,1024,1,4,2,0.30078125,704,0.01,frozen,11,902670263,3.9243223667144775,channels/000038/H.npy,,,-8.038984034482583,-5.049896607007759,-5.912996616361827,-6.39446257136994,-8.027824423428157,ok,ok,ok,ok,ok,0.9000869178518033,1.1091859145946052,0.0,1.0,1.0,2.560037612915039,1.0,0.9999483823776245,8.237470442876,0.7149844765663147,0.0,4.0,1.0,0.0,0.0,0.0,0.0
38,umi,2,qam16,1,0.0,0,1,1,1,4.0,1,6.728986019789604,,3500000000.0,8,1024,1,14,4,0.5400390625,2472,0.01,frozen,10,902670263,3.1926894187927246,channels/000038/H.npy,,,-0.23052370324111965,1.2132222379168018,0.9766918184203492,0.41812667687269933,-0.022252775496928945,ok,ok,ok,ok,ok,0.9000869178518033,1.1091859145946052,0.0,1.0,1.0,2.560037612915039,1.0,0.9999483823776245,8.237470442876,0.7149844765663147,0.0,4.0,1.0,0.0,0.0,0.0,0.0
38,umi,2,qam64,2,0.0,0,1,1,1,4.0,1,6.728986019789604,,3500000000.0,8,1024,1,20,6,0.5537109375,3840,0.01,frozen,6,902670263,2.4045000076293945,channels/000038/H.npy,,,4.371024492427385,5.537883652981828,5.317750366959952,5.25,4.75,ok,ok,ok,ok,ok,0.9000869178518033,1.1091859145946052,0.0,1.0,1.0,2.560037612915039,1.0,0.9999483823776245,8.237470442876,0.7149844765663147,0.0,4.0,1.0,0.0,0.0,0.0,0.0
39,cdl-c,1,qpsk,0,14.240903933640476,2,3,1,3,4.0,1,8.44915512778398,68.9164469425164,3500000000.0,8,1024,1,4,2,0.30078125,704,0.01,frozen,18,2027595356,8.72156548500061,channels/000039/H.npy,channels/000039/H_int.npy,channels/000039/R_iot.npy,9.780472104614855,15.25,14.443432528600855,13.30353111914738,11.065735178003212,ok,ok,ok,ok,ok,0.45635462495469814,1.0539444743266526,14.598082542419434,3.0,2.1977550769729803,5.760902404785156,1.0,0.9999907612800598,6.555620415617019,0.5368884801864624,1.1909739971160889,4.0,3.0,3.0,1.8458544663109966,20.878273010253906,0.683220386505127
39,cdl-c,1,qam16,1,14.240903933640476,2,3,1,3,4.0,1,8.44915512778398,68.9164469425164,3500000000.0,8,1024,1,14,4,0.5400390625,2472,0.01,frozen,16,2027595356,7.3525450229644775,channels/000039/H.npy,channels/000039/H_int.npy,channels/000039/R_iot.npy,19.090708746123504,22.146217618492543,21.59613299035753,20.587487756050653,19.33569697960242,ok,ok,ok,ok,ok,0.45635462495469814,1.0539444743266526,14.598082542419434,3.0,2.1977550769729803,5.760902404785156,1.0,0.9999907612800598,6.555620415617019,0.5368884801864624,1.1909739971160889,4.0,3.0,3.0,1.8458544663109966,20.878273010253906,0.683220386505127
39,cdl-c,1,qam64,2,14.240903933640476,2,3,1,3,4.0,1,8.44915512778398,68.9164469425164,3500000000.0,8,1024,1,20,6,0.5537109375,3840,0.01,frozen,13,2027595356,5.790384531021118,channels/000039/H.npy,channels/000039/H_int.npy,channels/000039/R_iot.npy,24.037128069904924,26.278563983194193,25.780175386350926,25.012718580960968,24.18183367352157,ok,ok,ok,ok,ok,0.45635462495469814,1.0539444743266526,14.598082542419434,3.0,2.1977550769729803,5.760902404785156,1.0,0.9999907612800598,6.555620415617019,0.5368884801864624,1.1909739971160889,4.0,3.0,3.0,1.8458544663109966,20.878273010253906,0.683220386505127
40,cdl-c,1,qpsk,0,0.0,0,2,2,4,4.0,2,5.427327476964632,138.49633972655064,3500000000.0,8,1024,1,4,2,0.30078125,1416,0.01,frozen,14,1945337217,9.9125657081604,channels/000040/H.npy,,,-3.4009575914454624,0.6840430918827377,-0.004091984958788597,-0.9138561855807793,-2.9696806808781226,ok,ok,ok,ok,ok,0.12457804948817483,1.0144459262573386,17.944263458251953,4.0,2.7634801877555075,7.1248979568481445,1.0,0.9999399781227112,11.992903607568643,0.40026775002479553,2.4703125953674316,4.0,4.0,0.0,0.0,0.0,0.0
40,cdl-c,1,qam16,1,0.0,0,2,2,4,4.0,2,5.427327476964632,138.49633972655064,3500000000.0,8,1024,1,14,4,0.5400390625,4992,0.01,frozen,11,1945337217,6.934819936752319,channels/000040/H.npy,,,8.714309400376779,11.732608983401349,11.228873092358473,10.60801512663606,9.081828068451,ok,ok,ok,ok,ok,0.12457804948817483,1.0144459262573386,17.944263458251953,4.0,2.7634801877555075,7.1248979568481445,1.0,0.9999399781227112,11.992903607568643,0.40026775002479553,2.4703125953674316,4.0,4.0,0.0,0.0,0.0,0.0
40,cdl-c,1,qam64,2,0.0,0,2,2,4,4.0,2,5.427327476964632,138.49633972655064,3500000000.0,8,1024,1,20,6,0.5537109375,7680,0.01,frozen,13,1945337217,7.718875408172607,channels/000040/H.npy,,,13.9734938106059,17.07298689563685,16.618191802756414,16.049968933951934,14.533453857477797,ok,ok,ok,ok,ok,0.12457804948817483,1.0144459262573386,17.944263458251953,4.0,2.7634801877555075,7.1248979568481445,1.0,0.9999399781227112,11.992903607568643,0.40026775002479553,2.4703125953674316,4.0,4.0,0.0,0.0,0.0,0.0
41,cdl-c,1,qpsk,0,2.8035349912037644,2,1,2,2,4.0,2,4.6187943760919055,251.6706953081035,3500000000.0,8,1024,1,4,2,0.30078125,1416,0.01,frozen,11,1191743891,5.782806158065796,channels/000041/H.npy,channels/000041/H_int.npy,channels/000041/R_iot.npy,2.25,5.75,4.767080228451371,4.25,2.6775383543242652,ok,ok,ok,ok,ok,1.2096868690206595,1.1494348049317866,5.1109619140625,2.0,1.8672223367684158,5.0137834548950195,1.0,0.9999722242355347,15.282834146031579,0.45449963212013245,0.3962050676345825,4.0,2.0,4.0,2.2093466812821925,10.571185111999512,0.6174669861793518
41,cdl-c,1,qam16,1,2.8035349912037644,2,1,2,2,4.0,2,4.6187943760919055,251.6706953081035,3500000000.0,8,1024,1,14,4,0.5400390625,4992,0.01,frozen,10,1191743891,4.883846044540405,channels/000041/H.npy,channels/000041/H_int.npy,channels/000041/R_iot.npy,10.75,12.71187702705219,12.286464550571385,11.667279753054677,11.006144871459847,ok,ok,ok,ok,ok,1.2096868690206595,1.1494348049317866,5.1109619140625,2.0,1.8672223367684158,5.0137834548950195,1.0,0.9999722242355347,15.282834146031579,0.45449963212013245,0.3962050676345825,4.0,2.0,4.0,2.2093466812821925,10.571185111999512,0.6174669861793518
41,cdl-c,1,qam64,2,2.8035349912037644,2,1,2,2,4.0,2,4.6187943760919055,251.6706953081035,3500000000.0,8,1024,1,20,6,0.5537109375,7680,0.01,frozen,10,1191743891,4.847031116485596,channels/000041/H.npy,channels/000041/H_int.npy,channels/000041/R_iot.npy,15.15330932622141,17.387039156505068,16.866989290977475,16.192534161154974,15.626003040858789,ok,ok,ok,ok,ok,1.2096868690206595,1.1494348049317866,5.1109619140625,2.0,1.8672223367684158,5.0137834548950195,1.0,0.9999722242355347,15.282834146031579,0.45449963212013245,0.3962050676345825,4.0,2.0,4.0,2.2093466812821925,10.571185111999512,0.6174669861793518
42,cdl-b,0,qpsk,0,18.654677672989763,1,4,1,4,4.0,1,6.990441015742686,35.931314601004175,3500000000.0,8,1024,1,4,2,0.30078125,704,0.01,frozen,21,302906867,14.661365270614624,channels/000042/H.npy,channels/000042/H_int.npy,channels/000042/R_iot.npy,7.295365219545328,21.76185086671093,18.295396298978794,14.100641853106644,8.18383183991379,ok,ok,ok,ok,ok,1.0538594683780245,1.1289974822564515,31.998703002929688,4.0,2.288362472827726,7.045782089233398,1.0,0.999980092048645,5.276274539052258,0.5453494787216187,3.2992138862609863,4.0,4.0,3.0,1.3387980442898961,29.280086517333984,0.8545889258384705
42,cdl-b,0,qam16,1,18.654677672989763,1,4,1,4,4.0,1,6.990441015742686,35.931314601004175,3500000000.0,8,1024,1,14,4,0.5400390625,2472,0.01,frozen,12,302906867,2.84130597114563,channels/000042/H.npy,channels/000042/H_int.npy,channels/000042/R_iot.npy,38.619025723427676,,,,39.25653597451113,ok,not_reached,not_reached,not_reached,ok,1.0538594683780245,1.1289974822564515,31.998703002929688,4.0,2.288362472827726,7.045782089233398,1.0,0.999980092048645,5.276274539052258,0.5453494787216187,3.2992138862609863,4.0,4.0,3.0,1.3387980442898961,29.280086517333984,0.8545889258384705
42,cdl-b,0,qam64,2,18.654677672989763,1,4,1,4,4.0,1,6.990441015742686,35.931314601004175,3500000000.0,8,1024,1,20,6,0.5537109375,3840,0.01,frozen,7,302906867,0.9686181545257568,channels/000042/H.npy,channels/000042/H_int.npy,channels/000042/R_iot.npy,,,,,,not_reached,not_reached,not_reached,not_reached,not_reached,1.0538594683780245,1.1289974822564515,31.998703002929688,4.0,2.288362472827726,7.045782089233398,1.0,0.999980092048645,5.276274539052258,0.5453494787216187,3.2992138862609863,4.0,4.0,3.0,1.3387980442898961,29.280086517333984,0.8545889258384705
43,uma,3,qpsk,0,10.046783519874205,1,2,2,4,4.0,2,4.093165981621378,,3500000000.0,8,1024,1,4,2,0.30078125,1416,0.01,frozen,16,1736008261,10.358107805252075,channels/000043/H.npy,channels/000043/H_int.npy,channels/000043/R_iot.npy,7.782711259902505,15.75,14.493962557566636,12.838796869110288,10.636231104146141,ok,ok,ok,ok,ok,1.0010930261502353,1.1221596571873684,26.991077423095703,4.0,1.9916325079764365,6.197551250457764,1.0,0.9999567270278931,10.689268204440793,0.3240077495574951,4.041600227355957,4.0,4.0,4.0,1.85847010400839,10.826047897338867,0.7131289839744568
43,uma,3,qam16,1,10.046783519874205,1,2,2,4,4.0,2,4.093165981621378,,3500000000.0,8,1024,1,14,4,0.5400390625,4992,0.01,frozen,15,1736008261,9.244320631027222,channels/000043/H.npy,channels/000043/H_int.npy,channels/000043/R_iot.npy,27.603014376586387,33.482482055563,32.49578420381134,30.970397716835002,30.049519321103908,ok,ok,ok,ok,ok,1.0010930261502353,1.1221596571873684,26.991077423095703,4.0,1.9916325079764365,6.197551250457764,1.0,0.9999567270278931,10.689268204440793,0.3240077495574951,4.041600227355957,4.0,4.0,4.0,1.85847010400839,10.826047897338867,0.7131289839744568
43,uma,3,qam64,2,10.046783519874205,1,2,2,4,4.0,2,4.093165981621378,,3500000000.0,8,1024,1,20,6,0.5537109375,7680,0.01,frozen,13,1736008261,6.302605867385864,channels/000043/H.npy,channels/000043/H_int.npy,channels/000043/R_iot.npy,36.19662192642422,,39.87142059715999,38.56316908671241,38.04591622886197,ok,not_reached,ok,ok,ok,1.0010930261502353,1.1221596571873684,26.991077423095703,4.0,1.9916325079764365,6.197551250457764,1.0,0.9999567270278931,10.689268204440793,0.3240077495574951,4.041600227355957,4.0,4.0,4.0,1.85847010400839,10.826047897338867,0.7131289839744568
44,cdl-b,0,qpsk,0,8.87488273267272,2,3,1,3,4.0,1,3.2466873952367123,177.35916327851777,3500000000.0,8,1024,1,4,2,0.30078125,704,0.01,frozen,12,72175174,7.208200693130493,channels/000044/H.npy,channels/000044/H_int.npy,channels/000044/R_iot.npy,7.25,10.250446377958552,9.829650994978245,8.910241970912782,7.443889606588355,ok,ok,ok,ok,ok,-0.793669295470657,0.9126758001108284,11.50135612487793,3.0,2.3872109797536174,5.293912410736084,1.0,0.9999933242797852,7.542219923441399,0.44096553325653076,3.326200008392334,4.0,3.0,4.0,2.5043892180138947,10.99945068359375,0.555705189704895
44,cdl-b,0,qam16,1,8.87488273267272,2,3,1,3,4.0,1,3.2466873952367123,177.35916327851777,3500000000.0,8,1024,1,14,4,0.5400390625,2472,0.01,frozen,11,72175174,7.749444484710693,channels/000044/H.npy,channels/000044/H_int.npy,channels/000044/R_iot.npy,16.00137343726222,18.548816363420123,18.080540965434924,17.132377601108228,16.128379419744505,ok,ok,ok,ok,ok,-0.793669295470657,0.9126758001108284,11.50135612487793,3.0,2.3872109797536174,5.293912410736084,1.0,0.9999933242797852,7.542219923441399,0.44096553325653076,3.326200008392334,4.0,3.0,4.0,2.5043892180138947,10.99945068359375,0.555705189704895
44,cdl-b,0,qam64,2,8.87488273267272,2,3,1,3,4.0,1,3.2466873952367123,177.35916327851777,3500000000.0,8,1024,1,20,6,0.5537109375,3840,0.01,frozen,13,72175174,7.741320848464966,channels/000044/H.npy,channels/000044/H_int.npy,channels/000044/R_iot.npy,20.69853574015786,23.473340933486714,22.75954826835168,21.96698701629456,21.024037404631013,ok,ok,ok,ok,ok,-0.793669295470657,0.9126758001108284,11.50135612487793,3.0,2.3872109797536174,5.293912410736084,1.0,0.9999933242797852,7.542219923441399,0.44096553325653076,3.326200008392334,4.0,3.0,4.0,2.5043892180138947,10.99945068359375,0.555705189704895
45,cdl-c,1,qpsk,0,0.0,0,1,2,2,4.0,2,6.122925919096059,39.54685510849583,3500000000.0,8,1024,1,4,2,0.30078125,1416,0.01,frozen,15,998964815,7.03127908706665,channels/000045/H.npy,,,-8.25,-4.75,-5.75,-6.753044999398386,-8.412284561764315,ok,ok,ok,ok,ok,1.1539268008847867,1.1420795102608086,3.905219078063965,2.0,1.9070629408993143,5.080257892608643,1.0,1.0,4.1252744319265515,0.4493650496006012,0.13917598128318787,4.0,2.0,0.0,0.0,0.0,0.0
45,cdl-c,1,qam16,1,0.0,0,1,2,2,4.0,2,6.122925919096059,39.54685510849583,3500000000.0,8,1024,1,14,4,0.5400390625,4992,0.01,frozen,11,998964815,6.020478248596191,channels/000045/H.npy,,,0.19217169613081544,2.168330095025757,1.853521541186185,1.2268977325188872,0.30728005234606187,ok,ok,ok,ok,ok,1.1539268008847867,1.1420795102608086,3.905219078063965,2.0,1.9070629408993143,5.080257892608643,1.0,1.0,4.1252744319265515,0.4493650496006012,0.13917598128318787,4.0,2.0,0.0,0.0,0.0,0.0
45,cdl-c,1,qam64,2,0.0,0,1,2,2,4.0,2,6.122925919096059,39.54685510849583,3500000000.0,8,1024,1,20,6,0.5537109375,7680,0.01,frozen,11,998964815,5.104510068893433,channels/000045/H.npy,,,4.968540122615331,6.586484218021893,6.2876915421685995,5.926976062788393,5.083023026553215,ok,ok,ok,ok,ok,1.1539268008847867,1.1420795102608086,3.905219078063965,2.0,1.9070629408993143,5.080257892608643,1.0,1.0,4.1252744319265515,0.4493650496006012,0.13917598128318787,4.0,2.0,0.0,0.0,0.0,0.0
46,uma,3,qpsk,0,14.312737400082353,3,4,1,4,4.0,1,7.046125551732298,,3500000000.0,8,1024,1,4,2,0.30078125,704,0.01,frozen,19,576783657,10.057843923568726,channels/000046/H.npy,channels/000046/H_int.npy,channels/000046/R_iot.npy,16.676704348058028,21.875066416968227,20.715146398066924,19.2952116953508,18.166547480712932,ok,ok,ok,ok,ok,-1.4963857258267346,0.8417453263291532,16.751049041748047,4.0,2.9777793338049126,6.308995723724365,0.9961378574371338,0.9998098015785217,11.573261341709337,0.228262796998024,3.2803287506103516,4.0,4.0,4.0,2.1494604354869082,12.368441581726074,0.6301634907722473
46,uma,3,qam16,1,14.312737400082353,3,4,1,4,4.0,1,7.046125551732298,,3500000000.0,8,1024,1,14,4,0.5400390625,2472,0.01,frozen,19,576783657,8.798937559127808,channels/000046/H.npy,channels/000046/H_int.npy,channels/000046/R_iot.npy,28.646179564687174,33.58594544103066,32.4092890682289,30.78246883597345,30.26891475323796,ok,ok,ok,ok,ok,-1.4963857258267346,0.8417453263291532,16.751049041748047,4.0,2.9777793338049126,6.308995723724365,0.9961378574371338,0.9998098015785217,11.573261341709337,0.228262796998024,3.2803287506103516,4.0,4.0,4.0,2.1494604354869082,12.368441581726074,0.6301634907722473
46,uma,3,qam64,2,14.312737400082353,3,4,1,4,4.0,1,7.046125551732298,,3500000000.0,8,1024,1,20,6,0.5537109375,3840,0.01,frozen,18,576783657,7.111378908157349,channels/000046/H.npy,channels/000046/H_int.npy,channels/000046/R_iot.npy,34.93437809687391,,,38.869288632249244,37.35451380722911,ok,not_reached,not_reached,ok,ok,-1.4963857258267346,0.8417453263291532,16.751049041748047,4.0,2.9777793338049126,6.308995723724365,0.9961378574371338,0.9998098015785217,11.573261341709337,0.228262796998024,3.2803287506103516,4.0,4.0,4.0,2.1494604354869082,12.368441581726074,0.6301634907722473
47,cdl-b,0,qpsk,0,5.452519508658389,3,2,2,4,4.0,2,9.648725004327904,91.66515888029798,3500000000.0,8,1024,1,4,2,0.30078125,1416,0.01,frozen,13,129896664,9.540357112884521,channels/000047/H.npy,channels/000047/H_int.npy,channels/000047/R_iot.npy,9.238978455387482,13.506929606546295,12.91943035791545,11.71801339789259,9.793042446562556,ok,ok,ok,ok,ok,-1.161578486859987,0.8748247788599014,23.137611389160156,4.0,2.8586229169580832,6.433871269226074,0.9985414147377014,0.9998993873596191,10.836143286459748,0.3001633882522583,1.4357383251190186,4.0,4.0,4.0,3.210200273792301,5.82757043838501,0.42027610540390015
47,cdl-b,0,qam16,1,5.452519508658389,3,2,2,4,4.0,2,9.648725004327904,91.66515888029798,3500000000.0,8,1024,1,14,4,0.5400390625,4992,0.01,frozen,13,129896664,8.808343172073364,channels/000047/H.npy,channels/000047/H_int.npy,channels/000047/R_iot.npy,21.50402269210928,24.280813473148946,23.755766346720876,22.789747546682648,21.786060769053517,ok,ok,ok,ok,ok,-1.161578486859987,0.8748247788599014,23.137611389160156,4.0,2.8586229169580832,6.433871269226074,0.9985414147377014,0.9998993873596191,10.836143286459748,0.3001633882522583,1.4357383251190186,4.0,4.0,4.0,3.210200273792301,5.82757043838501,0.42027610540390015
47,cdl-b,0,qam64,2,5.452519508658389,3,2,2,4,4.0,2,9.648725004327904,91.66515888029798,3500000000.0,8,1024,1,20,6,0.5537109375,7680,0.01,frozen,13,129896664,8.21164608001709,channels/000047/H.npy,channels/000047/H_int.npy,channels/000047/R_iot.npy,27.57070157116917,30.45473016494365,29.73009702863622,29.017449138578016,28.06143950441101,ok,ok,ok,ok,ok,-1.161578486859987,0.8748247788599014,23.137611389160156,4.0,2.8586229169580832,6.433871269226074,0.9985414147377014,0.9998993873596191,10.836143286459748,0.3001633882522583,1.4357383251190186,4.0,4.0,4.0,3.210200273792301,5.82757043838501,0.42027610540390015
48,cdl-b,0,qpsk,0,0.0,0,4,1,4,4.0,1,3.135779968693599,95.71471914948737,3500000000.0,8,1024,1,4,2,0.30078125,704,0.01,frozen,12,1139530930,8.973287582397461,channels/000048/H.npy,,,0.1040635050780629,5.088072504165238,4.246724517733107,3.0614501741004085,0.6007751671166092,ok,ok,ok,ok,ok,0.4017496030629287,1.0473394929189552,20.6110897064209,4.0,2.661013399808475,7.160928249359131,0.9991098046302795,0.9999935030937195,9.383772225050896,0.3785562813282013,3.5222113132476807,4.0,4.0,0.0,0.0,0.0,0.0
48,cdl-b,0,qam16,1,0.0,0,4,1,4,4.0,1,3.135779968693599,95.71471914948737,3500000000.0,8,1024,1,14,4,0.5400390625,2472,0.01,frozen,9,1139530930,6.108712911605835,channels/000048/H.npy,,,12.05742957454063,15.520902689580431,14.968424994502207,14.496986171466826,12.754054643043423,ok,ok,ok,ok,ok,0.4017496030629287,1.0473394929189552,20.6110897064209,4.0,2.661013399808475,7.160928249359131,0.9991098046302795,0.9999935030937195,9.383772225050896,0.3785562813282013,3.5222113132476807,4.0,4.0,0.0,0.0,0.0,0.0
48,cdl-b,0,qam64,2,0.0,0,4,1,4,4.0,1,3.135779968693599,95.71471914948737,3500000000.0,8,1024,1,20,6,0.5537109375,3840,0.01,frozen,12,1139530930,7.605071783065796,channels/000048/H.npy,,,17.250874525346347,20.819075562680606,20.13743028117671,19.489054818896623,17.778053659029183,ok,ok,ok,ok,ok,0.4017496030629287,1.0473394929189552,20.6110897064209,4.0,2.661013399808475,7.160928249359131,0.9991098046302795,0.9999935030937195,9.383772225050896,0.3785562813282013,3.5222113132476807,4.0,4.0,0.0,0.0,0.0,0.0
49,uma,3,qpsk,0,18.54802754273048,2,2,1,2,4.0,1,9.243381772793875,,3500000000.0,8,1024,1,4,2,0.30078125,704,0.01,frozen,15,790744986,6.709887981414795,channels/000049/H.npy,channels/000049/H_int.npy,channels/000049/R_iot.npy,14.196354309755298,18.781122564973174,17.7236636621655,17.25,15.91406267905751,ok,ok,ok,ok,ok,0.9874185287107534,1.120394392226001,4.590116024017334,2.0,1.8277122884181911,4.803925037384033,0.9991059899330139,0.999951958656311,13.06604911071955,0.46360084414482117,1.7508783340454102,4.0,2.0,4.0,2.8545576056547013,7.1689453125,0.5064868927001953
49,uma,3,qam16,1,18.54802754273048,2,2,1,2,4.0,1,9.243381772793875,,3500000000.0,8,1024,1,14,4,0.5400390625,2472,0.01,frozen,13,790744986,5.072476863861084,channels/000049/H.npy,channels/000049/H_int.npy,channels/000049/R_iot.npy,22.962680372303836,25.455957582853543,24.769675676980473,24.182850976188508,23.604416251461963,ok,ok,ok,ok,ok,0.9874185287107534,1.120394392226001,4.590116024017334,2.0,1.8277122884181911,4.803925037384033,0.9991059899330139,0.999951958656311,13.06604911071955,0.46360084414482117,1.7508783340454102,4.0,2.0,4.0,2.8545576056547013,7.1689453125,0.5064868927001953
49,uma,3,qam64,2,18.54802754273048,2,2,1,2,4.0,1,9.243381772793875,,3500000000.0,8,1024,1,20,6,0.5537109375,3840,0.01,frozen,14,790744986,5.655790328979492,channels/000049/H.npy,channels/000049/H_int.npy,channels/000049/R_iot.npy,27.37965941554955,30.18142917761308,29.558536736575704,28.703124558777983,28.35621345277543,ok,ok,ok,ok,ok,0.9874185287107534,1.120394392226001,4.590116024017334,2.0,1.8277122884181911,4.803925037384033,0.9991059899330139,0.999951958656311,13.06604911071955,0.46360084414482117,1.7508783340454102,4.0,2.0,4.0,2.8545576056547013,7.1689453125,0.5064868927001953
50,cdl-b,0,qpsk,0,9.796201367550875,3,3,1,3,4.0,1,7.007323384579984,265.30523676558283,3500000000.0,8,1024,1,4,2,0.30078125,704,0.01,frozen,13,470869098,8.029361248016357,channels/000050/H.npy,channels/000050/H_int.npy,channels/000050/R_iot.npy,10.504797578249196,15.226005106040631,14.44046387535421,13.148510958560822,11.657143231758079,ok,ok,ok,ok,ok,-1.609389976592717,0.8308650695863891,14.290640830993652,3.0,2.2301304815246277,4.568452835083008,0.9983240962028503,0.999955952167511,13.609670009462473,0.47194117307662964,3.09303617477417,4.0,3.0,4.0,1.8453721579316262,16.865737915039062,0.7057855129241943
50,cdl-b,0,qam16,1,9.796201367550875,3,3,1,3,4.0,1,7.007323384579984,265.30523676558283,3500000000.0,8,1024,1,14,4,0.5400390625,2472,0.01,frozen,9,470869098,5.481786489486694,channels/000050/H.npy,channels/000050/H_int.npy,channels/000050/R_iot.npy,20.67679333427041,23.90614168565443,23.131919953565735,22.261849193165567,21.19089288197907,ok,ok,ok,ok,ok,-1.609389976592717,0.8308650695863891,14.290640830993652,3.0,2.2301304815246277,4.568452835083008,0.9983240962028503,0.999955952167511,13.609670009462473,0.47194117307662964,3.09303617477417,4.0,3.0,4.0,1.8453721579316262,16.865737915039062,0.7057855129241943
50,cdl-b,0,qam64,2,9.796201367550875,3,3,1,3,4.0,1,7.007323384579984,265.30523676558283,3500000000.0,8,1024,1,20,6,0.5537109375,3840,0.01,frozen,13,470869098,7.515841245651245,channels/000050/H.npy,channels/000050/H_int.npy,channels/000050/R_iot.npy,25.625200665751475,29.101441189907398,28.274774570502192,27.514987858063662,26.527459820141623,ok,ok,ok,ok,ok,-1.609389976592717,0.8308650695863891,14.290640830993652,3.0,2.2301304815246277,4.568452835083008,0.9983240962028503,0.999955952167511,13.609670009462473,0.47194117307662964,3.09303617477417,4.0,3.0,4.0,1.8453721579316262,16.865737915039062,0.7057855129241943
51,umi,2,qpsk,0,9.076811743014998,3,2,1,2,4.0,1,8.283331969694663,,3500000000.0,8,1024,1,4,2,0.30078125,704,0.01,frozen,16,205060446,8.54870343208313,channels/000051/H.npy,channels/000051/H_int.npy,channels/000051/R_iot.npy,7.1869233555322465,12.25,11.326203661037786,10.713596660803114,8.75,ok,ok,ok,ok,ok,1.1088253155916568,1.1361646317578533,9.344228744506836,2.0,1.596556228548823,4.3684916496276855,1.0,0.99986332654953,11.673138596375779,0.3539711833000183,7.0371270179748535,4.0,2.0,4.0,2.8444566930269057,11.521502494812012,0.4717693328857422
51,umi,2,qam16,1,9.076811743014998,3,2,1,2,4.0,1,8.283331969694663,,3500000000.0,8,1024,1,14,4,0.5400390625,2472,0.01,frozen,8,205060446,4.26999044418335,channels/000051/H.npy,channels/000051/H_int.npy,channels/000051/R_iot.npy,16.466611056783176,19.2297908063938,18.74480490877273,18.01311391053611,16.914482936193103,ok,ok,ok,ok,ok,1.1088253155916568,1.1361646317578533,9.344228744506836,2.0,1.596556228548823,4.3684916496276855,1.0,0.99986332654953,11.673138596375779,0.3539711833000183,7.0371270179748535,4.0,2.0,4.0,2.8444566930269057,11.521502494812012,0.4717693328857422
51,umi,2,qam64,2,9.076811743014998,3,2,1,2,4.0,1,8.283331969694663,,3500000000.0,8,1024,1,20,6,0.5537109375,3840,0.01,frozen,9,205060446,4.274807453155518,channels/000051/H.npy,channels/000051/H_int.npy,channels/000051/R_iot.npy,21.454296183367358,23.54307468545996,23.04423557342114,22.351813914991567,21.600650370409376,ok,ok,ok,ok,ok,1.1088253155916568,1.1361646317578533,9.344228744506836,2.0,1.596556228548823,4.3684916496276855,1.0,0.99986332654953,11.673138596375779,0.3539711833000183,7.0371270179748535,4.0,2.0,4.0,2.8444566930269057,11.521502494812012,0.4717693328857422
52,cdl-c,1,qpsk,0,14.97650696396801,3,2,2,4,4.0,2,4.020409713959713,50.264006598041206,3500000000.0,8,1024,1,4,2,0.30078125,1416,0.01,frozen,19,378940147,11.855756044387817,channels/000052/H.npy,channels/000052/H_int.npy,channels/000052/R_iot.npy,17.990607546830418,24.42760386249317,23.076069668202315,21.67390066473903,18.822668978374168,ok,ok,ok,ok,ok,-0.5535286778383666,0.9382607869911288,20.792814254760742,4.0,2.66395407204351,6.480604648590088,0.9998056888580322,0.9999950528144836,6.144631271522105,0.427431583404541,6.325516700744629,4.0,4.0,4.0,1.8863216485872258,15.624540328979492,0.6802120208740234
52,cdl-c,1,qam16,1,14.97650696396801,3,2,2,4,4.0,2,4.020409713959713,50.264006598041206,3500000000.0,8,1024,1,14,4,0.5400390625,4992,0.01,frozen,15,378940147,7.581397533416748,channels/000052/H.npy,channels/000052/H_int.npy,channels/000052/R_iot.npy,33.26817805922231,36.995235736625034,36.17136460262465,34.96834384547012,33.81860149799484,ok,ok,ok,ok,ok,-0.5535286778383666,0.9382607869911288,20.792814254760742,4.0,2.66395407204351,6.480604648590088,0.9998056888580322,0.9999950528144836,6.144631271522105,0.427431583404541,6.325516700744629,4.0,4.0,4.0,1.8863216485872258,15.624540328979492,0.6802120208740234
52,cdl-c,1,qam64,2,14.97650696396801,3,2,2,4,4.0,2,4.020409713959713,50.264006598041206,3500000000.0,8,1024,1,20,6,0.5537109375,7680,0.01,frozen,10,378940147,2.864706516265869,channels/000052/H.npy,channels/000052/H_int.npy,channels/000052/R_iot.npy,38.75567689466311,,,,39.269286241644004,ok,not_reached,not_reached,not_reached,ok,-0.5535286778383666,0.9382607869911288,20.792814254760742,4.0,2.66395407204351,6.480604648590088,0.9998056888580322,0.9999950528144836,6.144631271522105,0.427431583404541,6.325516700744629,4.0,4.0,4.0,1.8863216485872258,15.624540328979492,0.6802120208740234
53,cdl-c,1,qpsk,0,13.353526100715955,2,1,1,1,4.0,1,5.551323852488768,51.559133942039615,3500000000.0,8,1024,1,4,2,0.30078125,704,0.01,frozen,15,1042266955,6.837006568908691,channels/000053/H.npy,channels/000053/H_int.npy,channels/000053/R_iot.npy,2.327577440030904,7.25,6.404885804049597,5.465983576259229,2.9580632744146698,ok,ok,ok,ok,ok,-1.524652177994332,0.8390104906383377,0.0,1.0,1.0,1.930179476737976,0.9997995495796204,0.9999711513519287,7.026682192305687,0.5499741435050964,0.0,4.0,1.0,3.0,1.4536571376054954,22.64093589782715,0.81607985496521
53,cdl-c,1,qam16,1,13.353526100715955,2,1,1,1,4.0,1,5.551323852488768,51.559133942039615,3500000000.0,8,1024,1,14,4,0.5400390625,2472,0.01,frozen,14,1042266955,6.08721661567688,channels/000053/H.npy,channels/000053/H_int.npy,channels/000053/R_iot.npy,10.75,12.75,12.30971444123234,11.616575773932027,10.892986679293971,ok,ok,ok,ok,ok,-1.524652177994332,0.8390104906383377,0.0,1.0,1.0,1.930179476737976,0.9997995495796204,0.9999711513519287,7.026682192305687,0.5499741435050964,0.0,4.0,1.0,3.0,1.4536571376054954,22.64093589782715,0.81607985496521
53,cdl-c,1,qam64,2,13.353526100715955,2,1,1,1,4.0,1,5.551323852488768,51.559133942039615,3500000000.0,8,1024,1,20,6,0.5537109375,3840,0.01,frozen,14,1042266955,5.836225748062134,channels/000053/H.npy,channels/000053/H_int.npy,channels/000053/R_iot.npy,15.314037957997204,16.574239476162628,16.363318683032354,16.25,15.5000559686359,ok,ok,ok,ok,ok,-1.524652177994332,0.8390104906383377,0.0,1.0,1.0,1.930179476737976,0.9997995495796204,0.9999711513519287,7.026682192305687,0.5499741435050964,0.0,4.0,1.0,3.0,1.4536571376054954,22.64093589782715,0.81607985496521
54,cdl-c,1,qpsk,0,0.0,0,3,1,3,4.0,1,5.8919505643916015,47.34554220633836,3500000000.0,8,1024,1,4,2,0.30078125,704,0.01,frozen,13,1275847025,8.387737512588501,channels/000054/H.npy,,,0.38819184985051386,5.681844005579899,4.748244105643061,3.477266263810491,1.0930473976729398,ok,ok,ok,ok,ok,-0.299304955016922,0.9661281854846236,17.39212417602539,3.0,1.9559966262927908,4.846749305725098,0.999921441078186,0.9999415874481201,6.2096388177370585,0.46230190992355347,1.210754632949829,4.0,3.0,0.0,0.0,0.0,0.0
54,cdl-c,1,qam16,1,0.0,0,3,1,3,4.0,1,5.8919505643916015,47.34554220633836,3500000000.0,8,1024,1,14,4,0.5400390625,2472,0.01,frozen,12,1275847025,5.55669379234314,channels/000054/H.npy,,,11.930230711975263,14.511299775130098,14.036356235590135,13.518742079224058,12.091465695774737,ok,ok,ok,ok,ok,-0.299304955016922,0.9661281854846236,17.39212417602539,3.0,1.9559966262927908,4.846749305725098,0.999921441078186,0.9999415874481201,6.2096388177370585,0.46230190992355347,1.210754632949829,4.0,3.0,0.0,0.0,0.0,0.0
54,cdl-c,1,qam64,2,0.0,0,3,1,3,4.0,1,5.8919505643916015,47.34554220633836,3500000000.0,8,1024,1,20,6,0.5537109375,3840,0.01,frozen,8,1275847025,4.051205158233643,channels/000054/H.npy,,,16.569285059835494,19.14568714633888,18.806997319186404,18.462823356291313,16.89435074049534,ok,ok,ok,ok,ok,-0.299304955016922,0.9661281854846236,17.39212417602539,3.0,1.9559966262927908,4.846749305725098,0.999921441078186,0.9999415874481201,6.2096388177370585,0.46230190992355347,1.210754632949829,4.0,3.0,0.0,0.0,0.0,0.0
55,cdl-c,1,qpsk,0,11.933124806155211,1,2,2,4,4.0,2,3.236608241699668,32.76217988388025,3500000000.0,8,1024,1,4,2,0.30078125,1416,0.01,frozen,13,741825662,8.868975639343262,channels/000055/H.npy,channels/000055/H_int.npy,channels/000055/R_iot.npy,5.4194134322374445,9.290932732202753,8.504804878216397,7.75,5.764915072010189,ok,ok,ok,ok,ok,0.04049404985588842,1.004672934039471,13.86726188659668,4.0,3.0104123324517436,7.468005180358887,1.0,0.9999952912330627,3.832241392366059,0.2851387560367584,4.822988033294678,4.0,4.0,4.0,1.6447791408580472,18.954437255859375,0.7572986483573914
55,cdl-c,1,qam16,1,11.933124806155211,1,2,2,4,4.0,2,3.236608241699668,32.76217988388025,3500000000.0,8,1024,1,14,4,0.5400390625,4992,0.01,frozen,10,741825662,6.622318744659424,channels/000055/H.npy,channels/000055/H_int.npy,channels/000055/R_iot.npy,16.24777846235809,19.5231039708706,18.80847796247776,17.697005591471576,16.46977854554245,ok,ok,ok,ok,ok,0.04049404985588842,1.004672934039471,13.86726188659668,4.0,3.0104123324517436,7.468005180358887,1.0,0.9999952912330627,3.832241392366059,0.2851387560367584,4.822988033294678,4.0,4.0,4.0,1.6447791408580472,18.954437255859375,0.7572986483573914
55,cdl-c,1,qam64,2,11.933124806155211,1,2,2,4,4.0,2,3.236608241699668,32.76217988388025,3500000000.0,8,1024,1,20,6,0.5537109375,7680,0.01,frozen,13,741825662,8.181248664855957,channels/000055/H.npy,channels/000055/H_int.npy,channels/000055/R_iot.npy,21.487473599536038,24.59968019124977,23.82032557899165,22.847971985552707,21.697336987509562,ok,ok,ok,ok,ok,0.04049404985588842,1.004672934039471,13.86726188659668,4.0,3.0104123324517436,7.468005180358887,1.0,0.9999952912330627,3.832241392366059,0.2851387560367584,4.822988033294678,4.0,4.0,4.0,1.6447791408580472,18.954437255859375,0.7572986483573914
56,uma,3,qpsk,0,0.007436178808479799,2,2,2,4,4.0,2,4.935879423098499,,3500000000.0,8,1024,1,4,2,0.30078125,1416,0.01,frozen,17,1249838537,13.836463451385498,channels/000056/H.npy,channels/000056/H_int.npy,channels/000056/R_iot.npy,4.04016651636159,13.75,11.79366997197381,9.647143033455512,6.634899758942725,ok,ok,ok,ok,ok,-0.07411810785159159,0.9915031415819345,28.61220932006836,4.0,2.22240579805002,6.1725921630859375,0.9963585138320923,0.9999157786369324,11.57785831753827,0.37986162304878235,2.5736656188964844,4.0,4.0,4.0,2.907768833044748,7.208490371704102,0.44352540373802185
56,uma,3,qam16,1,0.007436178808479799,2,2,2,4,4.0,2,4.935879423098499,,3500000000.0,8,1024,1,14,4,0.5400390625,4992,0.01,frozen,11,1249838537,6.795705318450928,channels/000056/H.npy,channels/000056/H_int.npy,channels/000056/R_iot.npy,24.07662761993074,27.592581955179803,26.913077918541564,25.936868216630337,25.051639971687504,ok,ok,ok,ok,ok,-0.07411810785159159,0.9915031415819345,28.61220932006836,4.0,2.22240579805002,6.1725921630859375,0.9963585138320923,0.9999157786369324,11.57785831753827,0.37986162304878235,2.5736656188964844,4.0,4.0,4.0,2.907768833044748,7.208490371704102,0.44352540373802185
56,uma,3,qam64,2,0.007436178808479799,2,2,2,4,4.0,2,4.935879423098499,,3500000000.0,8,1024,1,20,6,0.5537109375,7680,0.01,frozen,15,1249838537,9.329187393188477,channels/000056/H.npy,channels/000056/H_int.npy,channels/000056/R_iot.npy,30.13864256942142,35.253360634305345,33.374846846088076,32.3616941224699,31.501388768541272,ok,ok,ok,ok,ok,-0.07411810785159159,0.9915031415819345,28.61220932006836,4.0,2.22240579805002,6.1725921630859375,0.9963585138320923,0.9999157786369324,11.57785831753827,0.37986162304878235,2.5736656188964844,4.0,4.0,4.0,2.907768833044748,7.208490371704102,0.44352540373802185
57,umi,2,qpsk,0,9.219682953401666,1,2,2,4,4.0,2,9.16299056910192,,3500000000.0,8,1024,1,4,2,0.30078125,1416,0.01,frozen,16,1479919829,12.24226188659668,channels/000057/H.npy,channels/000057/H_int.npy,channels/000057/R_iot.npy,1.0185666075343986,9.686087437038214,8.75,5.866597286746232,2.3465116737859217,ok,ok,ok,ok,ok,1.1085694302828355,1.1361311609716218,23.878196716308594,4.0,2.4789690576689996,7.353632926940918,1.0,0.9998605251312256,10.647161190028903,0.29987832903862,3.5318984985351562,4.0,4.0,4.0,1.955262500868173,17.909374237060547,0.6253365874290466
57,umi,2,qam16,1,9.219682953401666,1,2,2,4,4.0,2,9.16299056910192,,3500000000.0,8,1024,1,14,4,0.5400390625,4992,0.01,frozen,13,1479919829,8.243115663528442,channels/000057/H.npy,channels/000057/H_int.npy,channels/000057/R_iot.npy,22.70830972016621,26.04109495123411,25.239491093910292,24.27948503076293,23.390973738883062,ok,ok,ok,ok,ok,1.1085694302828355,1.1361311609716218,23.878196716308594,4.0,2.4789690576689996,7.353632926940918,1.0,0.9998605251312256,10.647161190028903,0.29987832903862,3.5318984985351562,4.0,4.0,4.0,1.955262500868173,17.909374237060547,0.6253365874290466
57,umi,2,qam64,2,9.219682953401666,1,2,2,4,4.0,2,9.16299056910192,,3500000000.0,8,1024,1,20,6,0.5537109375,7680,0.01,frozen,14,1479919829,9.71298098564148,channels/000057/H.npy,channels/000057/H_int.npy,channels/000057/R_iot.npy,28.9509892430097,35.024824068974596,32.38163099557483,31.59329053351568,30.725070180275345,ok,ok,ok,ok,ok,1.1085694302828355,1.1361311609716218,23.878196716308594,4.0,2.4789690576689996,7.353632926940918,1.0,0.9998605251312256,10.647161190028903,0.29987832903862,3.5318984985351562,4.0,4.0,4.0,1.955262500868173,17.909374237060547,0.6253365874290466
58,uma,3,qpsk,0,3.6498669624463376,2,2,2,4,4.0,2,7.524800333936296,,3500000000.0,8,1024,1,4,2,0.30078125,1416,0.01,frozen,12,2004095979,7.536361455917358,channels/000058/H.npy,channels/000058/H_int.npy,channels/000058/R_iot.npy,3.446579746907594,7.670292489422863,7.295945958661034,6.25,4.667480106274343,ok,ok,ok,ok,ok,0.9544525767903562,1.1161501676849401,12.377120018005371,4.0,3.1016905443109923,8.45414924621582,0.999761164188385,0.9998855590820312,5.932173817004664,0.2896290123462677,2.304823637008667,4.0,4.0,4.0,2.952871615552163,6.946191787719727,0.4630208909511566
58,uma,3,qam16,1,3.6498669624463376,2,2,2,4,4.0,2,7.524800333936296,,3500000000.0,8,1024,1,14,4,0.5400390625,4992,0.01,frozen,14,2004095979,9.876514434814453,channels/000058/H.npy,channels/000058/H_int.npy,channels/000058/R_iot.npy,14.079746309638496,18.381986930496275,17.172661658720187,16.06053844641266,15.185538362481726,ok,ok,ok,ok,ok,0.9544525767903562,1.1161501676849401,12.377120018005371,4.0,3.1016905443109923,8.45414924621582,0.999761164188385,0.9998855590820312,5.932173817004664,0.2896290123462677,2.304823637008667,4.0,4.0,4.0,2.952871615552163,6.946191787719727,0.4630208909511566
58,uma,3,qam64,2,3.6498669624463376,2,2,2,4,4.0,2,7.524800333936296,,3500000000.0,8,1024,1,20,6,0.5537109375,7680,0.01,frozen,17,2004095979,11.599787950515747,channels/000058/H.npy,channels/000058/H_int.npy,channels/000058/R_iot.npy,19.341031681290303,26.61496003381712,23.325987044354,22.165711500388237,20.76499724081287,ok,ok,ok,ok,ok,0.9544525767903562,1.1161501676849401,12.377120018005371,4.0,3.1016905443109923,8.45414924621582,0.999761164188385,0.9998855590820312,5.932173817004664,0.2896290123462677,2.304823637008667,4.0,4.0,4.0,2.952871615552163,6.946191787719727,0.4630208909511566
59,umi,2,qpsk,0,15.569592221187843,1,1,2,2,4.0,2,7.923798626426384,,3500000000.0,8,1024,1,4,2,0.30078125,1416,0.01,frozen,15,432061634,7.816431283950806,channels/000059/H.npy,channels/000059/H_int.npy,channels/000059/R_iot.npy,8.896141183841364,14.25,13.75,12.75,11.25,ok,ok,ok,ok,ok,-0.09763569591171825,0.988822215996087,3.7935338020324707,2.0,1.9178650118085072,4.4037861824035645,1.0,0.9999150037765503,11.485036489542255,0.21348358690738678,1.8033437728881836,4.0,2.0,4.0,2.306867967644945,10.053458213806152,0.5943527817726135
59,umi,2,qam16,1,15.569592221187843,1,1,2,2,4.0,2,7.923798626426384,,3500000000.0,8,1024,1,14,4,0.5400390625,4992,0.01,frozen,11,432061634,5.12778377532959,channels/000059/H.npy,channels/000059/H_int.npy,channels/000059/R_iot.npy,18.84225125776503,21.830848722367396,21.201674437759042,20.392307957079968,19.395132047147616,ok,ok,ok,ok,ok,-0.09763569591171825,0.988822215996087,3.7935338020324707,2.0,1.9178650118085072,4.4037861824035645,1.0,0.9999150037765503,11.485036489542255,0.21348358690738678,1.8033437728881836,4.0,2.0,4.0,2.306867967644945,10.053458213806152,0.5943527817726135
59,umi,2,qam64,2,15.569592221187843,1,1,2,2,4.0,2,7.923798626426384,,3500000000.0,8,1024,1,20,6,0.5537109375,7680,0.01,frozen,13,432061634,6.109236478805542,channels/000059/H.npy,channels/000059/H_int.npy,channels/000059/R_iot.npy,23.569514067231673,27.408881528617446,26.24105050270693,25.512819407515416,24.502398746927256,ok,ok,ok,ok,ok,-0.09763569591171825,0.988822215996087,3.7935338020324707,2.0,1.9178650118085072,4.4037861824035645,1.0,0.9999150037765503,11.485036489542255,0.21348358690738678,1.8033437728881836,4.0,2.0,4.0,2.306867967644945,10.053458213806152,0.5943527817726135
60,umi,2,qpsk,0,13.34015609075146,2,4,1,4,4.0,1,8.056023657600617,,3500000000.0,8,1024,1,4,2,0.30078125,704,0.01,frozen,17,56104490,11.42573356628418,channels/000060/H.npy,channels/000060/H_int.npy,channels/000060/R_iot.npy,11.793720440214202,18.796648564836104,17.58282959927536,15.738728470583416,13.008922992028308,ok,ok,ok,ok,ok,0.17615566329842444,1.0204877203464673,20.397472381591797,4.0,2.958983564330423,7.645123481750488,0.9955324530601501,0.9998754262924194,10.318043826950204,0.2975579798221588,0.8980396389961243,4.0,4.0,4.0,2.7474218328583953,9.493085861206055,0.5151561498641968
60,umi,2,qam16,1,13.34015609075146,2,4,1,4,4.0,1,8.056023657600617,,3500000000.0,8,1024,1,14,4,0.5400390625,2472,0.01,frozen,16,56104490,9.983763933181763,channels/000060/H.npy,channels/000060/H_int.npy,channels/000060/R_iot.npy,28.80823477675847,,34.75997255013518,33.23416604732471,30.943661363775266,ok,not_reached,ok,ok,ok,0.17615566329842444,1.0204877203464673,20.397472381591797,4.0,2.958983564330423,7.645123481750488,0.9955324530601501,0.9998754262924194,10.318043826950204,0.2975579798221588,0.8980396389961243,4.0,4.0,4.0,2.7474218328583953,9.493085861206055,0.5151561498641968
60,umi,2,qam64,2,13.34015609075146,2,4,1,4,4.0,1,8.056023657600617,,3500000000.0,8,1024,1,20,6,0.5537109375,3840,0.01,frozen,8,56104490,2.5445425510406494,channels/000060/H.npy,channels/000060/H_int.npy,channels/000060/R_iot.npy,33.9809655803627,,,,,ok,not_reached,not_reached,not_reached,not_reached,0.17615566329842444,1.0204877203464673,20.397472381591797,4.0,2.958983564330423,7.645123481750488,0.9955324530601501,0.9998754262924194,10.318043826950204,0.2975579798221588,0.8980396389961243,4.0,4.0,4.0,2.7474218328583953,9.493085861206055,0.5151561498641968
61,umi,2,qpsk,0,11.56068095987716,2,2,1,2,4.0,1,7.063347774518021,,3500000000.0,8,1024,1,4,2,0.30078125,704,0.01,frozen,16,151046066,8.415115356445312,channels/000061/H.npy,channels/000061/H_int.npy,channels/000061/R_iot.npy,3.232143909784156,8.061139383149234,7.134806366632913,6.75,4.684717309639201,ok,ok,ok,ok,ok,-0.19720651891154473,0.9775515621274086,3.797755241394043,2.0,1.8777334410421909,4.288470268249512,0.9949842691421509,0.99995356798172,8.98330225783844,0.3200865685939789,0.3902999758720398,4.0,2.0,4.0,1.9171154996355024,16.028310775756836,0.6770769953727722
61,umi,2,qam16,1,11.56068095987716,2,2,1,2,4.0,1,7.063347774518021,,3500000000.0,8,1024,1,14,4,0.5400390625,2472,0.01,frozen,17,151046066,8.25787878036499,channels/000061/H.npy,channels/000061/H_int.npy,channels/000061/R_iot.npy,11.811849204217134,15.1095640511735,14.75,13.539216242391563,12.36984911828075,ok,ok,ok,ok,ok,-0.19720651891154473,0.9775515621274086,3.797755241394043,2.0,1.8777334410421909,4.288470268249512,0.9949842691421509,0.99995356798172,8.98330225783844,0.3200865685939789,0.3902999758720398,4.0,2.0,4.0,1.9171154996355024,16.028310775756836,0.6770769953727722
61,umi,2,qam64,2,11.56068095987716,2,2,1,2,4.0,1,7.063347774518021,,3500000000.0,8,1024,1,20,6,0.5537109375,3840,0.01,frozen,12,151046066,6.6752283573150635,channels/000061/H.npy,channels/000061/H_int.npy,channels/000061/R_iot.npy,16.338023540748026,19.40789952119136,18.573517779220175,18.028967359378875,17.015707004250018,ok,ok,ok,ok,ok,-0.19720651891154473,0.9775515621274086,3.797755241394043,2.0,1.8777334410421909,4.288470268249512,0.9949842691421509,0.99995356798172,8.98330225783844,0.3200865685939789,0.3902999758720398,4.0,2.0,4.0,1.9171154996355024,16.028310775756836,0.6770769953727722
62,cdl-c,1,qpsk,0,3.5853079727512682,3,4,1,4,4.0,1,8.093352787122146,38.321494012400116,3500000000.0,8,1024,1,4,2,0.30078125,704,0.01,frozen,16,329964869,10.929766654968262,channels/000062/H.npy,channels/000062/H_int.npy,channels/000062/R_iot.npy,6.971996684465415,13.25,11.681781426517162,10.052072520679138,8.005356476527812,ok,ok,ok,ok,ok,-0.24766863658979443,0.9718887794229215,31.88277244567871,4.0,2.281204130092501,6.1289896965026855,0.9999868273735046,0.9998942017555237,4.779332056458597,0.507081925868988,0.6175961494445801,4.0,4.0,3.0,1.3595308006617568,23.355445861816406,0.8485773801803589
62,cdl-c,1,qam16,1,3.5853079727512682,3,4,1,4,4.0,1,8.093352787122146,38.321494012400116,3500000000.0,8,1024,1,14,4,0.5400390625,2472,0.01,frozen,15,329964869,9.015445232391357,channels/000062/H.npy,channels/000062/H_int.npy,channels/000062/R_iot.npy,25.01160631834384,28.479052871612314,27.81484400585205,26.892843911931585,25.5132739779785,ok,ok,ok,ok,ok,-0.24766863658979443,0.9718887794229215,31.88277244567871,4.0,2.281204130092501,6.1289896965026855,0.9999868273735046,0.9998942017555237,4.779332056458597,0.507081925868988,0.6175961494445801,4.0,4.0,3.0,1.3595308006617568,23.355445861816406,0.8485773801803589
62,cdl-c,1,qam64,2,3.5853079727512682,3,4,1,4,4.0,1,8.093352787122146,38.321494012400116,3500000000.0,8,1024,1,20,6,0.5537109375,3840,0.01,frozen,16,329964869,8.337968349456787,channels/000062/H.npy,channels/000062/H_int.npy,channels/000062/R_iot.npy,30.892919030917483,34.126301072788145,33.39023970803982,32.61000052261239,31.30439294152239,ok,ok,ok,ok,ok,-0.24766863658979443,0.9718887794229215,31.88277244567871,4.0,2.281204130092501,6.1289896965026855,0.9999868273735046,0.9998942017555237,4.779332056458597,0.507081925868988,0.6175961494445801,4.0,4.0,3.0,1.3595308006617568,23.355445861816406,0.8485773801803589
63,cdl-b,0,qpsk,0,0.0,0,2,2,4,4.0,2,8.404067790586726,322.11485718568207,3500000000.0,8,1024,1,4,2,0.30078125,1416,0.01,frozen,15,575817802,9.631048440933228,channels/000063/H.npy,,,-5.027717061075112,-0.6750208225745451,-1.445269686239638,-2.6156618581484614,-4.057730933588343,ok,ok,ok,ok,ok,0.09704343431641319,1.0112351841542644,18.927288055419922,4.0,2.726348284280566,7.011993408203125,0.9957433938980103,0.9999609589576721,14.672696649410073,0.2977946102619171,6.459532737731934,4.0,4.0,0.0,0.0,0.0,0.0
63,cdl-b,0,qam16,1,0.0,0,2,2,4,4.0,2,8.404067790586726,322.11485718568207,3500000000.0,8,1024,1,14,4,0.5400390625,4992,0.01,frozen,14,575817802,9.28153920173645,channels/000063/H.npy,,,8.77327048648489,12.562890031413682,11.693452665283585,11.041173305126588,9.695029472937456,ok,ok,ok,ok,ok,0.09704343431641319,1.0112351841542644,18.927288055419922,4.0,2.726348284280566,7.011993408203125,0.9957433938980103,0.9999609589576721,14.672696649410073,0.2977946102619171,6.459532737731934,4.0,4.0,0.0,0.0,0.0,0.0
63,cdl-b,0,qam64,2,0.0,0,2,2,4,4.0,2,8.404067790586726,322.11485718568207,3500000000.0,8,1024,1,20,6,0.5537109375,7680,0.01,frozen,16,575817802,10.907663822174072,channels/000063/H.npy,,,14.245129279290033,21.43418470931774,17.979663049928302,17.200274715645374,15.749949463948063,ok,ok,ok,ok,ok,0.09704343431641319,1.0112351841542644,18.927288055419922,4.0,2.726348284280566,7.011993408203125,0.9957433938980103,0.9999609589576721,14.672696649410073,0.2977946102619171,6.459532737731934,4.0,4.0,0.0,0.0,0.0,0.0
64,cdl-c,1,qpsk,0,6.696969446232208,3,3,1,3,4.0,1,9.72156922665392,34.99713685754949,3500000000.0,8,1024,1,4,2,0.30078125,704,0.01,frozen,16,959330879,8.959074020385742,channels/000064/H.npy,channels/000064/H_int.npy,channels/000064/R_iot.npy,8.710568669764738,13.376217281206424,12.562356768053533,11.135446938011057,9.25,ok,ok,ok,ok,ok,0.16049588627322145,1.0186495421324178,21.051944732666016,3.0,1.826525578049127,4.928341388702393,0.9999952912330627,0.9999173879623413,3.958773468805917,0.6113187074661255,0.9879113435745239,4.0,3.0,3.0,1.2642071688762673,20.19241714477539,0.885132908821106
64,cdl-c,1,qam16,1,6.696969446232208,3,3,1,3,4.0,1,9.72156922665392,34.99713685754949,3500000000.0,8,1024,1,14,4,0.5400390625,2472,0.01,frozen,11,959330879,5.685629606246948,channels/000064/H.npy,channels/000064/H_int.npy,channels/000064/R_iot.npy,20.01649141555953,22.579317384046984,22.18362719364247,21.31348328715136,20.178913594345435,ok,ok,ok,ok,ok,0.16049588627322145,1.0186495421324178,21.051944732666016,3.0,1.826525578049127,4.928341388702393,0.9999952912330627,0.9999173879623413,3.958773468805917,0.6113187074661255,0.9879113435745239,4.0,3.0,3.0,1.2642071688762673,20.19241714477539,0.885132908821106
64,cdl-c,1,qam64,2,6.696969446232208,3,3,1,3,4.0,1,9.72156922665392,34.99713685754949,3500000000.0,8,1024,1,20,6,0.5537109375,3840,0.01,frozen,10,959330879,4.466751337051392,channels/000064/H.npy,channels/000064/H_int.npy,channels/000064/R_iot.npy,25.17971630449502,27.49740088201486,26.955573489754066,26.2879582993401,25.454499284213874,ok,ok,ok,ok,ok,0.16049588627322145,1.0186495421324178,21.051944732666016,3.0,1.826525578049127,4.928341388702393,0.9999952912330627,0.9999173879623413,3.958773468805917,0.6113187074661255,0.9879113435745239,4.0,3.0,3.0,1.2642071688762673,20.19241714477539,0.885132908821106
65,uma,3,qpsk,0,0.0,0,1,2,2,4.0,2,7.667109158364976,,3500000000.0,8,1024,1,4,2,0.30078125,1416,0.01,frozen,15,1335164760,7.247856378555298,channels/000065/H.npy,,,-8.556918004961306,-4.75,-5.25,-6.425026246080596,-8.075815967551815,ok,ok,ok,ok,ok,1.9183164680078766,1.2471417650799472,6.368749141693115,2.0,1.720716470714488,4.995890140533447,1.0,0.9999334216117859,10.264041213992884,0.5159357786178589,0.08422376215457916,4.0,2.0,0.0,0.0,0.0,0.0
65,uma,3,qam16,1,0.0,0,1,2,2,4.0,2,7.667109158364976,,3500000000.0,8,1024,1,14,4,0.5400390625,4992,0.01,frozen,12,1335164760,5.851623058319092,channels/000065/H.npy,,,1.2571747006561467,3.6098992583493903,3.1120802976371125,2.524650674193968,1.750979866590012,ok,ok,ok,ok,ok,1.9183164680078766,1.2471417650799472,6.368749141693115,2.0,1.720716470714488,4.995890140533447,1.0,0.9999334216117859,10.264041213992884,0.5159357786178589,0.08422376215457916,4.0,2.0,0.0,0.0,0.0,0.0
65,uma,3,qam64,2,0.0,0,1,2,2,4.0,2,7.667109158364976,,3500000000.0,8,1024,1,20,6,0.5537109375,7680,0.01,frozen,13,1335164760,6.638688087463379,channels/000065/H.npy,,,6.226103715648039,8.687337465209064,8.051262511633478,7.548879929901792,6.873383775575869,ok,ok,ok,ok,ok,1.9183164680078766,1.2471417650799472,6.368749141693115,2.0,1.720716470714488,4.995890140533447,1.0,0.9999334216117859,10.264041213992884,0.5159357786178589,0.08422376215457916,4.0,2.0,0.0,0.0,0.0,0.0
66,uma,3,qpsk,0,8.426235591340195,2,1,1,1,4.0,1,9.237915463122881,,3500000000.0,8,1024,1,4,2,0.30078125,704,0.01,frozen,14,1050618486,6.246629238128662,channels/000066/H.npy,channels/000066/H_int.npy,channels/000066/R_iot.npy,-3.25,1.75,0.79727153287635,-0.09512392624609373,-2.1484007697848178,ok,ok,ok,ok,ok,0.009818829696625515,1.001131073726463,0.0,1.0,1.0,2.324483871459961,0.9997873306274414,0.9999998807907104,0.23373558359256238,0.32659468054771423,0.0,4.0,1.0,4.0,1.6992870869745451,17.486413955688477,0.732008695602417
66,uma,3,qam16,1,8.426235591340195,2,1,1,1,4.0,1,9.237915463122881,,3500000000.0,8,1024,1,14,4,0.5400390625,2472,0.01,frozen,10,1050618486,3.97214937210083,channels/000066/H.npy,channels/000066/H_int.npy,channels/000066/R_iot.npy,4.733975944593258,7.087729439943595,6.8920169364900845,6.150525241050208,5.202861839420985,ok,ok,ok,ok,ok,0.009818829696625515,1.001131073726463,0.0,1.0,1.0,2.324483871459961,0.9997873306274414,0.9999998807907104,0.23373558359256238,0.32659468054771423,0.0,4.0,1.0,4.0,1.6992870869745451,17.486413955688477,0.732008695602417
66,uma,3,qam64,2,8.426235591340195,2,1,1,1,4.0,1,9.237915463122881,,3500000000.0,8,1024,1,20,6,0.5537109375,3840,0.01,frozen,7,1050618486,2.4442195892333984,channels/000066/H.npy,channels/000066/H_int.npy,channels/000066/R_iot.npy,9.75,10.974717544785639,10.658877473509895,10.185774321511353,9.72061610072164,ok,ok,ok,ok,ok,0.009818829696625515,1.001131073726463,0.0,1.0,1.0,2.324483871459961,0.9997873306274414,0.9999998807907104,0.23373558359256238,0.32659468054771423,0.0,4.0,1.0,4.0,1.6992870869745451,17.486413955688477,0.732008695602417
67,uma,3,qpsk,0,8.892399912361224,2,2,1,2,4.0,1,8.33486517790843,,3500000000.0,8,1024,1,4,2,0.30078125,704,0.01,frozen,14,1666359911,7.278498649597168,channels/000067/H.npy,channels/000067/H_int.npy,channels/000067/R_iot.npy,2.136526535696089,7.75,6.288670526787803,5.75,3.7749762116942924,ok,ok,ok,ok,ok,-0.4100712695186726,0.9538859159784554,5.339153289794922,2.0,1.8205882582632125,3.9469480514526367,0.9936683177947998,0.999904215335846,10.476872930013668,0.35608163475990295,1.1198649406433105,4.0,2.0,4.0,2.378446715023723,11.146682739257812,0.5506698489189148
67,uma,3,qam16,1,8.892399912361224,2,2,1,2,4.0,1,8.33486517790843,,3500000000.0,8,1024,1,14,4,0.5400390625,2472,0.01,frozen,13,1666359911,5.320301055908203,channels/000067/H.npy,channels/000067/H_int.npy,channels/000067/R_iot.npy,11.780961507892362,15.25,13.98325838387534,13.17789099020538,12.439088458373321,ok,ok,ok,ok,ok,-0.4100712695186726,0.9538859159784554,5.339153289794922,2.0,1.8205882582632125,3.9469480514526367,0.9936683177947998,0.999904215335846,10.476872930013668,0.35608163475990295,1.1198649406433105,4.0,2.0,4.0,2.378446715023723,11.146682739257812,0.5506698489189148
67,uma,3,qam64,2,8.892399912361224,2,2,1,2,4.0,1,8.33486517790843,,3500000000.0,8,1024,1,20,6,0.5537109375,3840,0.01,frozen,14,1666359911,6.722045660018921,channels/000067/H.npy,channels/000067/H_int.npy,channels/000067/R_iot.npy,16.59833900895422,20.32197369435034,18.680088011098924,18.040697376809884,17.32260769319299,ok,ok,ok,ok,ok,-0.4100712695186726,0.9538859159784554,5.339153289794922,2.0,1.8205882582632125,3.9469480514526367,0.9936683177947998,0.999904215335846,10.476872930013668,0.35608163475990295,1.1198649406433105,4.0,2.0,4.0,2.378446715023723,11.146682739257812,0.5506698489189148
68,uma,3,qpsk,0,10.11515117971811,2,1,2,2,4.0,2,5.126564963119266,,3500000000.0,8,1024,1,4,2,0.30078125,1416,0.01,frozen,16,720485180,8.989762306213379,channels/000068/H.npy,channels/000068/H_int.npy,channels/000068/R_iot.npy,2.3470169738262716,8.25,7.75,6.75,5.25,ok,ok,ok,ok,ok,-0.21132005552694505,0.9759644470012498,8.041464805603027,2.0,1.6475233173695332,3.754084587097168,0.9858639240264893,0.9999926686286926,7.388899677727983,0.37655025720596313,2.670175552368164,4.0,2.0,4.0,1.6825063741686552,18.612224578857422,0.7390043139457703
68,uma,3,qam16,1,10.11515117971811,2,1,2,2,4.0,2,5.126564963119266,,3500000000.0,8,1024,1,14,4,0.5400390625,4992,0.01,frozen,16,720485180,9.146473407745361,channels/000068/H.npy,channels/000068/H_int.npy,channels/000068/R_iot.npy,12.564003391496033,20.566896844976284,17.175399538084545,16.23445066556932,14.791532561551929,ok,ok,ok,ok,ok,-0.21132005552694505,0.9759644470012498,8.041464805603027,2.0,1.6475233173695332,3.754084587097168,0.9858639240264893,0.9999926686286926,7.388899677727983,0.37655025720596313,2.670175552368164,4.0,2.0,4.0,1.6825063741686552,18.612224578857422,0.7390043139457703
68,uma,3,qam64,2,10.11515117971811,2,1,2,2,4.0,2,5.126564963119266,,3500000000.0,8,1024,1,20,6,0.5537109375,7680,0.01,frozen,10,720485180,4.859591245651245,channels/000068/H.npy,channels/000068/H_int.npy,channels/000068/R_iot.npy,17.58448035097018,,,,,ok,not_reached,not_reached,not_reached,not_reached,-0.21132005552694505,0.9759644470012498,8.041464805603027,2.0,1.6475233173695332,3.754084587097168,0.9858639240264893,0.9999926686286926,7.388899677727983,0.37655025720596313,2.670175552368164,4.0,2.0,4.0,1.6825063741686552,18.612224578857422,0.7390043139457703
69,cdl-c,1,qpsk,0,18.241277806861213,1,2,2,4,4.0,2,9.523590170635845,260.65723661821255,3500000000.0,8,1024,1,4,2,0.30078125,1416,0.01,frozen,15,1824587940,8.396401643753052,channels/000069/H.npy,channels/000069/H_int.npy,channels/000069/R_iot.npy,15.75,19.609111446256016,18.551948475490004,17.869816586671774,16.54149198168393,ok,ok,ok,ok,ok,-0.39610040931374146,0.9554214328580996,20.714780807495117,4.0,2.8225381423998677,6.747912883758545,0.9984756112098694,0.9999797940254211,15.254397810761416,0.27870556712150574,4.774817943572998,4.0,4.0,4.0,2.0827581274751084,14.636425971984863,0.6374669671058655
69,cdl-c,1,qam16,1,18.241277806861213,1,2,2,4,4.0,2,9.523590170635845,260.65723661821255,3500000000.0,8,1024,1,14,4,0.5400390625,4992,0.01,frozen,15,1824587940,8.95461392402649,channels/000069/H.npy,channels/000069/H_int.npy,channels/000069/R_iot.npy,26.537390605585763,30.029523141029898,29.249372966009858,28.197473212547102,27.56317996620791,ok,ok,ok,ok,ok,-0.39610040931374146,0.9554214328580996,20.714780807495117,4.0,2.8225381423998677,6.747912883758545,0.9984756112098694,0.9999797940254211,15.254397810761416,0.27870556712150574,4.774817943572998,4.0,4.0,4.0,2.0827581274751084,14.636425971984863,0.6374669671058655
69,cdl-c,1,qam64,2,18.241277806861213,1,2,2,4,4.0,2,9.523590170635845,260.65723661821255,3500000000.0,8,1024,1,20,6,0.5537109375,7680,0.01,frozen,13,1824587940,7.435659885406494,channels/000069/H.npy,channels/000069/H_int.npy,channels/000069/R_iot.npy,32.05351607722945,35.82679973024351,34.84046725245135,33.89189365883149,33.35982170716671,ok,ok,ok,ok,ok,-0.39610040931374146,0.9554214328580996,20.714780807495117,4.0,2.8225381423998677,6.747912883758545,0.9984756112098694,0.9999797940254211,15.254397810761416,0.27870556712150574,4.774817943572998,4.0,4.0,4.0,2.0827581274751084,14.636425971984863,0.6374669671058655
70,cdl-c,1,qpsk,0,8.85027516283466,1,3,1,3,4.0,1,3.0665591901746403,48.04575559355602,3500000000.0,8,1024,1,4,2,0.30078125,704,0.01,frozen,14,56983608,8.310759544372559,channels/000070/H.npy,channels/000070/H_int.npy,channels/000070/R_iot.npy,2.481483927631755,7.234933435212495,6.125908246710681,4.736882603183532,2.942640126108615,ok,ok,ok,ok,ok,-0.8996293651743025,0.901609609288742,15.251785278320312,3.0,2.1609293360271975,4.889415740966797,0.9997762441635132,0.9999721646308899,5.5458527996283555,0.41073063015937805,1.6492223739624023,4.0,3.0,2.0,1.3297407800377328,41.096275329589844,0.8555004596710205
70,cdl-c,1,qam16,1,8.85027516283466,1,3,1,3,4.0,1,3.0665591901746403,48.04575559355602,3500000000.0,8,1024,1,14,4,0.5400390625,2472,0.01,frozen,12,56983608,6.062492370605469,channels/000070/H.npy,channels/000070/H_int.npy,channels/000070/R_iot.npy,15.567975839420194,17.24665550307459,16.932266842339615,16.40964803342691,15.667557917435252,ok,ok,ok,ok,ok,-0.8996293651743025,0.901609609288742,15.251785278320312,3.0,2.1609293360271975,4.889415740966797,0.9997762441635132,0.9999721646308899,5.5458527996283555,0.41073063015937805,1.6492223739624023,4.0,3.0,2.0,1.3297407800377328,41.096275329589844,0.8555004596710205
70,cdl-c,1,qam64,2,8.85027516283466,1,3,1,3,4.0,1,3.0665591901746403,48.04575559355602,3500000000.0,8,1024,1,20,6,0.5537109375,3840,0.01,frozen,10,56983608,5.550366640090942,channels/000070/H.npy,channels/000070/H_int.npy,channels/000070/R_iot.npy,20.56712878789711,22.212819420449186,21.932028174631043,21.5110895956494,20.714499318661797,ok,ok,ok,ok,ok,-0.8996293651743025,0.901609609288742,15.251785278320312,3.0,2.1609293360271975,4.889415740966797,0.9997762441635132,0.9999721646308899,5.5458527996283555,0.41073063015937805,1.6492223739624023,4.0,3.0,2.0,1.3297407800377328,41.096275329589844,0.8555004596710205
71,cdl-b,0,qpsk,0,0.0,0,3,1,3,4.0,1,9.399273928999882,188.62995373150386,3500000000.0,8,1024,1,4,2,0.30078125,704,0.01,frozen,14,1333073517,8.088303089141846,channels/000071/H.npy,,,1.5571277592192472,6.25,5.3017519916979,4.205964121107232,2.4730042342679286,ok,ok,ok,ok,ok,0.17955129416589344,1.0208867441853824,17.94582748413086,3.0,1.9153830918980972,5.006728172302246,1.0,0.9999089241027832,8.224154102892212,0.5749759078025818,5.975085258483887,4.0,3.0,0.0,0.0,0.0,0.0
71,cdl-b,0,qam16,1,0.0,0,3,1,3,4.0,1,9.399273928999882,188.62995373150386,3500000000.0,8,1024,1,14,4,0.5400390625,2472,0.01,frozen,12,1333073517,5.593635082244873,channels/000071/H.npy,,,11.720771551869353,14.504427100275025,13.992132733852928,13.380473661553603,12.13383494415349,ok,ok,ok,ok,ok,0.17955129416589344,1.0208867441853824,17.94582748413086,3.0,1.9153830918980972,5.006728172302246,1.0,0.9999089241027832,8.224154102892212,0.5749759078025818,5.975085258483887,4.0,3.0,0.0,0.0,0.0,0.0
71,cdl-b,0,qam64,2,0.0,0,3,1,3,4.0,1,9.399273928999882,188.62995373150386,3500000000.0,8,1024,1,20,6,0.5537109375,3840,0.01,frozen,9,1333073517,5.046454191207886,channels/000071/H.npy,,,16.542125519814917,19.272336623585137,18.683989183196765,18.186718509758563,17.04589339896509,ok,ok,ok,ok,ok,0.17955129416589344,1.0208867441853824,17.94582748413086,3.0,1.9153830918980972,5.006728172302246,1.0,0.9999089241027832,8.224154102892212,0.5749759078025818,5.975085258483887,4.0,3.0,0.0,0.0,0.0,0.0
72,cdl-c,1,qpsk,0,11.57474194884485,1,1,2,2,4.0,2,5.084990148480515,383.31647950231184,3500000000.0,8,1024,1,4,2,0.30078125,1416,0.01,frozen,14,793575909,7.867216348648071,channels/000072/H.npy,channels/000072/H_int.npy,channels/000072/R_iot.npy,5.25,10.210036801677708,9.75,8.75,6.868566570344404,ok,ok,ok,ok,ok,0.6046763283409994,1.0720963474753369,7.923962593078613,2.0,1.7062301139911584,4.324581623077393,1.0,0.9999703168869019,15.346074239174921,0.5305824279785156,6.6804094314575195,4.0,2.0,4.0,1.929412925466279,13.147363662719727,0.686224639415741
72,cdl-c,1,qam16,1,11.57474194884485,1,1,2,2,4.0,2,5.084990148480515,383.31647950231184,3500000000.0,8,1024,1,14,4,0.5400390625,4992,0.01,frozen,10,793575909,4.996480464935303,channels/000072/H.npy,channels/000072/H_int.npy,channels/000072/R_iot.npy,14.31068572950132,16.962185415852446,16.478874334731106,15.511881449219784,15.25,ok,ok,ok,ok,ok,0.6046763283409994,1.0720963474753369,7.923962593078613,2.0,1.7062301139911584,4.324581623077393,1.0,0.9999703168869019,15.346074239174921,0.5305824279785156,6.6804094314575195,4.0,2.0,4.0,1.929412925466279,13.147363662719727,0.686224639415741
72,cdl-c,1,qam64,2,11.57474194884485,1,1,2,2,4.0,2,5.084990148480515,383.31647950231184,3500000000.0,8,1024,1,20,6,0.5537109375,7680,0.01,frozen,10,793575909,4.828639030456543,channels/000072/H.npy,channels/000072/H_int.npy,channels/000072/R_iot.npy,19.106331306538383,21.057866492101997,20.589591430396915,20.019626076565533,19.597645232237674,ok,ok,ok,ok,ok,0.6046763283409994,1.0720963474753369,7.923962593078613,2.0,1.7062301139911584,4.324581623077393,1.0,0.9999703168869019,15.346074239174921,0.5305824279785156,6.6804094314575195,4.0,2.0,4.0,1.929412925466279,13.147363662719727,0.686224639415741
73,uma,3,qpsk,0,6.956752596140145,3,1,2,2,4.0,2,6.573388522486726,,3500000000.0,8,1024,1,4,2,0.30078125,1416,0.01,frozen,13,2126189537,7.505342245101929,channels/000073/H.npy,channels/000073/H_int.npy,channels/000073/R_iot.npy,10.25,15.25,14.25,13.25,11.6057158011804,ok,ok,ok,ok,ok,-2.9742895547320836,0.7100444256624632,9.465585708618164,2.0,1.6153982970408007,2.7199950218200684,0.9778672456741333,0.9998565912246704,13.520515127452384,0.37693652510643005,2.181788444519043,4.0,2.0,4.0,3.697815800447599,3.2541699409484863,0.3505887985229492
73,uma,3,qam16,1,6.956752596140145,3,1,2,2,4.0,2,6.573388522486726,,3500000000.0,8,1024,1,14,4,0.5400390625,4992,0.01,frozen,17,2126189537,8.848336935043335,channels/000073/H.npy,channels/000073/H_int.npy,channels/000073/R_iot.npy,20.771881131842566,,26.099442814231516,25.25381717145544,23.137280308524925,ok,not_reached,ok,ok,ok,-2.9742895547320836,0.7100444256624632,9.465585708618164,2.0,1.6153982970408007,2.7199950218200684,0.9778672456741333,0.9998565912246704,13.520515127452384,0.37693652510643005,2.181788444519043,4.0,2.0,4.0,3.697815800447599,3.2541699409484863,0.3505887985229492
73,uma,3,qam64,2,6.956752596140145,3,1,2,2,4.0,2,6.573388522486726,,3500000000.0,8,1024,1,20,6,0.5537109375,7680,0.01,frozen,9,2126189537,4.22574520111084,channels/000073/H.npy,channels/000073/H_int.npy,channels/000073/R_iot.npy,26.107479419610733,,,,,ok,not_reached,not_reached,not_reached,not_reached,-2.9742895547320836,0.7100444256624632,9.465585708618164,2.0,1.6153982970408007,2.7199950218200684,0.9778672456741333,0.9998565912246704,13.520515127452384,0.37693652510643005,2.181788444519043,4.0,2.0,4.0,3.697815800447599,3.2541699409484863,0.3505887985229492
74,uma,3,qpsk,0,0.0,0,4,1,4,4.0,1,6.658669876067753,,3500000000.0,8,1024,1,4,2,0.30078125,704,0.01,frozen,13,399500648,9.70395278930664,channels/000074/H.npy,,,0.25,4.150513922927514,3.1494708110837886,2.1117082143884365,0.5214158367556946,ok,ok,ok,ok,ok,-1.2007343597971536,0.870889956323289,15.377256393432617,4.0,3.17260504488741,6.816195487976074,0.9990940690040588,0.9999114871025085,13.622069447049185,0.2811298966407776,6.217966079711914,4.0,4.0,0.0,0.0,0.0,0.0
74,uma,3,qam16,1,0.0,0,4,1,4,4.0,1,6.658669876067753,,3500000000.0,8,1024,1,14,4,0.5400390625,2472,0.01,frozen,14,399500648,9.151978969573975,channels/000074/H.npy,,,11.069562691680758,14.251625343843722,13.8315227632342,13.121309214953516,12.01843867055962,ok,ok,ok,ok,ok,-1.2007343597971536,0.870889956323289,15.377256393432617,4.0,3.17260504488741,6.816195487976074,0.9990940690040588,0.9999114871025085,13.622069447049185,0.2811298966407776,6.217966079711914,4.0,4.0,0.0,0.0,0.0,0.0
74,uma,3,qam64,2,0.0,0,4,1,4,4.0,1,6.658669876067753,,3500000000.0,8,1024,1,20,6,0.5537109375,3840,0.01,frozen,14,399500648,7.676787614822388,channels/000074/H.npy,,,15.917847223286659,19.847478303044003,19.033958977258408,18.519680685224596,17.219857712381017,ok,ok,ok,ok,ok,-1.2007343597971536,0.870889956323289,15.377256393432617,4.0,3.17260504488741,6.816195487976074,0.9990940690040588,0.9999114871025085,13.622069447049185,0.2811298966407776,6.217966079711914,4.0,4.0,0.0,0.0,0.0,0.0
75,cdl-c,1,qpsk,0,0.0,0,1,2,2,4.0,2,3.0007555538991313,288.0395766410495,3500000000.0,8,1024,1,4,2,0.30078125,1416,0.01,frozen,12,597715157,6.250621795654297,channels/000075/H.npy,,,-6.75,-3.695560546923834,-4.25,-5.236436792447972,-6.774882890409723,ok,ok,ok,ok,ok,-0.34451413227189115,0.9611126499739463,3.5327210426330566,2.0,1.9131993065802635,4.277566909790039,0.9979149699211121,0.9999877214431763,12.996379270900666,0.32279929518699646,0.722185492515564,4.0,2.0,0.0,0.0,0.0,0.0
75,cdl-c,1,qam16,1,0.0,0,1,2,2,4.0,2,3.0007555538991313,288.0395766410495,3500000000.0,8,1024,1,14,4,0.5400390625,4992,0.01,frozen,10,597715157,4.425297498703003,channels/000075/H.npy,,,1.6526131610241372,3.7007234857750184,3.2927745406918025,2.683835714592564,2.25,ok,ok,ok,ok,ok,-0.34451413227189115,0.9611126499739463,3.5327210426330566,2.0,1.9131993065802635,4.277566909790039,0.9979149699211121,0.9999877214431763,12.996379270900666,0.32279929518699646,0.722185492515564,4.0,2.0,0.0,0.0,0.0,0.0
75,cdl-c,1,qam64,2,0.0,0,1,2,2,4.0,2,3.0007555538991313,288.0395766410495,3500000000.0,8,1024,1,20,6,0.5537109375,7680,0.01,frozen,11,597715157,5.096442937850952,channels/000075/H.npy,,,6.4861619449780585,8.141546826078638,7.905400470910144,7.75,6.675336563790407,ok,ok,ok,ok,ok,-0.34451413227189115,0.9611126499739463,3.5327210426330566,2.0,1.9131993065802635,4.277566909790039,0.9979149699211121,0.9999877214431763,12.996379270900666,0.32279929518699646,0.722185492515564,4.0,2.0,0.0,0.0,0.0,0.0
76,uma,3,qpsk,0,0.0,0,1,2,2,4.0,2,8.20195526338126,,3500000000.0,8,1024,1,4,2,0.30078125,1416,0.01,frozen,14,132381597,6.617419004440308,channels/000076/H.npy,,,-6.132816349954172,-1.75,-2.733096407469387,-3.3642168715737104,-4.797317583528722,ok,ok,ok,ok,ok,-0.4147189567862233,0.9533756426834935,8.167945861816406,2.0,1.628326222619494,3.7201740741729736,0.9890264272689819,0.9997398853302002,7.669607078169423,0.48259514570236206,0.29537105560302734,4.0,2.0,0.0,0.0,0.0,0.0
76,uma,3,qam16,1,0.0,0,1,2,2,4.0,2,8.20195526338126,,3500000000.0,8,1024,1,14,4,0.5400390625,4992,0.01,frozen,13,132381597,6.627106189727783,channels/000076/H.npy,,,4.550794719343499,10.017009383990885,8.27570529744055,7.3686722481585,7.0942244365602045,ok,ok,ok,ok,ok,-0.4147189567862233,0.9533756426834935,8.167945861816406,2.0,1.628326222619494,3.7201740741729736,0.9890264272689819,0.9997398853302002,7.669607078169423,0.48259514570236206,0.29537105560302734,4.0,2.0,0.0,0.0,0.0,0.0
76,uma,3,qam64,2,0.0,0,1,2,2,4.0,2,8.20195526338126,,3500000000.0,8,1024,1,20,6,0.5537109375,7680,0.01,frozen,12,132381597,5.64724326133728,channels/000076/H.npy,,,9.41232671480108,,,,,ok,not_reached,not_reached,not_reached,not_reached,-0.4147189567862233,0.9533756426834935,8.167945861816406,2.0,1.628326222619494,3.7201740741729736,0.9890264272689819,0.9997398853302002,7.669607078169423,0.48259514570236206,0.29537105560302734,4.0,2.0,0.0,0.0,0.0,0.0
77,umi,2,qpsk,0,0.0,0,1,2,2,4.0,2,5.3241974938919965,,3500000000.0,8,1024,1,4,2,0.30078125,1416,0.01,frozen,8,17950279,4.399026155471802,channels/000077/H.npy,,,-3.75,-0.3022035200104822,-0.75,-1.75,-3.3750910276849644,ok,ok,ok,ok,ok,-2.7097614633908265,0.7320014255436842,7.4133453369140625,2.0,1.6917293290691027,2.8778233528137207,0.9969303607940674,0.9999143481254578,12.507139999269578,0.43518102169036865,1.6546982526779175,4.0,2.0,0.0,0.0,0.0,0.0
77,umi,2,qam16,1,0.0,0,1,2,2,4.0,2,5.3241974938919965,,3500000000.0,8,1024,1,14,4,0.5400390625,4992,0.01,frozen,10,17950279,4.4758970737457275,channels/000077/H.npy,,,6.537782941816623,8.692592370295642,8.218633303394402,7.538700236622909,6.6605015742169655,ok,ok,ok,ok,ok,-2.7097614633908265,0.7320014255436842,7.4133453369140625,2.0,1.6917293290691027,2.8778233528137207,0.9969303607940674,0.9999143481254578,12.507139999269578,0.43518102169036865,1.6546982526779175,4.0,2.0,0.0,0.0,0.0,0.0
77,umi,2,qam64,2,0.0,0,1,2,2,4.0,2,5.3241974938919965,,3500000000.0,8,1024,1,20,6,0.5537109375,7680,0.01,frozen,10,17950279,3.959045886993408,channels/000077/H.npy,,,11.545768527304629,13.510854581196305,13.071654796700912,12.58980069464772,11.761939007719713,ok,ok,ok,ok,ok,-2.7097614633908265,0.7320014255436842,7.4133453369140625,2.0,1.6917293290691027,2.8778233528137207,0.9969303607940674,0.9999143481254578,12.507139999269578,0.43518102169036865,1.6546982526779175,4.0,2.0,0.0,0.0,0.0,0.0
78,cdl-b,0,qpsk,0,3.7681464494920647,2,1,2,2,4.0,2,4.806822184767217,320.427623460049,3500000000.0,8,1024,1,4,2,0.30078125,1416,0.01,frozen,17,795457878,9.37810206413269,channels/000078/H.npy,channels/000078/H_int.npy,channels/000078/R_iot.npy,2.25,8.75,7.75,6.1485058852892065,4.75,ok,ok,ok,ok,ok,2.178147444164064,1.2850125589016763,11.076061248779297,2.0,1.4966343938965354,4.641547203063965,0.9999446272850037,0.9999964833259583,9.340910808711367,0.47144246101379395,0.4075722396373749,4.0,2.0,4.0,2.802680739972232,7.78747034072876,0.4896620213985443
78,cdl-b,0,qam16,1,3.7681464494920647,2,1,2,2,4.0,2,4.806822184767217,320.427623460049,3500000000.0,8,1024,1,14,4,0.5400390625,4992,0.01,frozen,11,795457878,5.203352928161621,channels/000078/H.npy,channels/000078/H_int.npy,channels/000078/R_iot.npy,14.176588187129415,17.531856205878718,17.010224102331037,15.942189956054344,14.98341460878809,ok,ok,ok,ok,ok,2.178147444164064,1.2850125589016763,11.076061248779297,2.0,1.4966343938965354,4.641547203063965,0.9999446272850037,0.9999964833259583,9.340910808711367,0.47144246101379395,0.4075722396373749,4.0,2.0,4.0,2.802680739972232,7.78747034072876,0.4896620213985443
78,cdl-b,0,qam64,2,3.7681464494920647,2,1,2,2,4.0,2,4.806822184767217,320.427623460049,3500000000.0,8,1024,1,20,6,0.5537109375,7680,0.01,frozen,13,795457878,5.623398065567017,channels/000078/H.npy,channels/000078/H_int.npy,channels/000078/R_iot.npy,19.39196385830079,22.155622700035554,21.75,20.68992159917584,19.972110729870938,ok,ok,ok,ok,ok,2.178147444164064,1.2850125589016763,11.076061248779297,2.0,1.4966343938965354,4.641547203063965,0.9999446272850037,0.9999964833259583,9.340910808711367,0.47144246101379395,0.4075722396373749,4.0,2.0,4.0,2.802680739972232,7.78747034072876,0.4896620213985443
79,umi,2,qpsk,0,12.271341526279105,2,1,1,1,4.0,1,5.740236430573405,,3500000000.0,8,1024,1,4,2,0.30078125,704,0.01,frozen,12,272286335,5.4293365478515625,channels/000079/H.npy,channels/000079/H_int.npy,channels/000079/R_iot.npy,2.7189648012807224,6.25,5.75,5.25,3.9745616526145877,ok,ok,ok,ok,ok,2.070819950496779,1.26923195465406,0.0,1.0,1.0,2.81638503074646,1.0,0.9999818205833435,6.258113141542373,0.6085531115531921,0.0,4.0,1.0,4.0,2.3819284661839646,9.968446731567383,0.5825480818748474
79,umi,2,qam16,1,12.271341526279105,2,1,1,1,4.0,1,5.740236430573405,,3500000000.0,8,1024,1,14,4,0.5400390625,2472,0.01,frozen,11,272286335,4.402801752090454,channels/000079/H.npy,channels/000079/H_int.npy,channels/000079/R_iot.npy,10.8974132840435,13.25,12.400537483666358,11.73292132220137,11.25,ok,ok,ok,ok,ok,2.070819950496779,1.26923195465406,0.0,1.0,1.0,2.81638503074646,1.0,0.9999818205833435,6.258113141542373,0.6085531115531921,0.0,4.0,1.0,4.0,2.3819284661839646,9.968446731567383,0.5825480818748474
79,umi,2,qam64,2,12.271341526279105,2,1,1,1,4.0,1,5.740236430573405,,3500000000.0,8,1024,1,20,6,0.5537109375,3840,0.01,frozen,10,272286335,3.7277543544769287,channels/000079/H.npy,channels/000079/H_int.npy,channels/000079/R_iot.npy,15.413266477518937,17.388792390050096,16.677511794886104,16.29124619061444,15.780714497579378,ok,ok,ok,ok,ok,2.070819950496779,1.26923195465406,0.0,1.0,1.0,2.81638503074646,1.0,0.9999818205833435,6.258113141542373,0.6085531115531921,0.0,4.0,1.0,4.0,2.3819284661839646,9.968446731567383,0.5825480818748474
80,cdl-b,0,qpsk,0,4.328764714322171,3,3,1,3,4.0,1,5.777776723474478,39.76351653843164,3500000000.0,8,1024,1,4,2,0.30078125,704,0.01,frozen,12,508638449,7.697449684143066,channels/000080/H.npy,channels/000080/H_int.npy,channels/000080/R_iot.npy,6.3190285535457775,11.908260095856578,10.734362659888204,9.811656020338603,6.996617111280852,ok,ok,ok,ok,ok,-0.32293987683491965,0.9635028556361737,14.911996841430664,3.0,1.9160480688350248,4.699889659881592,0.9999993443489075,0.9999034404754639,5.465862883831729,0.5792906284332275,0.26502421498298645,4.0,3.0,3.0,1.9482837729869258,20.90398597717285,0.6477203369140625
80,cdl-b,0,qam16,1,4.328764714322171,3,3,1,3,4.0,1,5.777776723474478,39.76351653843164,3500000000.0,8,1024,1,14,4,0.5400390625,2472,0.01,frozen,13,508638449,7.130945205688477,channels/000080/H.npy,channels/000080/H_int.npy,channels/000080/R_iot.npy,17.39289677172668,20.048101881789737,19.534149082966383,18.63048616062197,17.603891567091342,ok,ok,ok,ok,ok,-0.32293987683491965,0.9635028556361737,14.911996841430664,3.0,1.9160480688350248,4.699889659881592,0.9999993443489075,0.9999034404754639,5.465862883831729,0.5792906284332275,0.26502421498298645,4.0,3.0,3.0,1.9482837729869258,20.90398597717285,0.6477203369140625
80,cdl-b,0,qam64,2,4.328764714322171,3,3,1,3,4.0,1,5.777776723474478,39.76351653843164,3500000000.0,8,1024,1,20,6,0.5537109375,3840,0.01,frozen,11,508638449,6.123330116271973,channels/000080/H.npy,channels/000080/H_int.npy,channels/000080/R_iot.npy,22.13225475148875,24.56672906649337,24.03029546447347,23.2001260376674,22.358298366093514,ok,ok,ok,ok,ok,-0.32293987683491965,0.9635028556361737,14.911996841430664,3.0,1.9160480688350248,4.699889659881592,0.9999993443489075,0.9999034404754639,5.465862883831729,0.5792906284332275,0.26502421498298645,4.0,3.0,3.0,1.9482837729869258,20.90398597717285,0.6477203369140625
81,cdl-c,1,qpsk,0,0.0,0,4,1,4,4.0,1,4.043341817947979,106.94859577963484,3500000000.0,8,1024,1,4,2,0.30078125,704,0.01,frozen,17,1668244499,11.700690746307373,channels/000081/H.npy,,,2.6573884428262384,10.22316515143624,8.353760569098087,6.60943940908973,4.228725468650061,ok,ok,ok,ok,ok,0.9721829863548347,1.118430879567439,30.988269805908203,4.0,2.060392047729467,6.387314319610596,0.9999728202819824,0.9999982714653015,10.098640178423025,0.5997610092163086,3.4619483947753906,4.0,4.0,0.0,0.0,0.0,0.0
81,cdl-c,1,qam16,1,0.0,0,4,1,4,4.0,1,4.043341817947979,106.94859577963484,3500000000.0,8,1024,1,14,4,0.5400390625,2472,0.01,frozen,12,1668244499,7.200963258743286,channels/000081/H.npy,,,21.098512995707296,24.299088536193363,23.897415298644102,23.20716445874723,21.65325297611365,ok,ok,ok,ok,ok,0.9721829863548347,1.118430879567439,30.988269805908203,4.0,2.060392047729467,6.387314319610596,0.9999728202819824,0.9999982714653015,10.098640178423025,0.5997610092163086,3.4619483947753906,4.0,4.0,0.0,0.0,0.0,0.0
81,cdl-c,1,qam64,2,0.0,0,4,1,4,4.0,1,4.043341817947979,106.94859577963484,3500000000.0,8,1024,1,20,6,0.5537109375,3840,0.01,frozen,11,1668244499,6.301040410995483,channels/000081/H.npy,,,26.17432011622804,29.580433122125765,28.978673273120588,28.406580586366275,27.048879434104922,ok,ok,ok,ok,ok,0.9721829863548347,1.118430879567439,30.988269805908203,4.0,2.060392047729467,6.387314319610596,0.9999728202819824,0.9999982714653015,10.098640178423025,0.5997610092163086,3.4619483947753906,4.0,4.0,0.0,0.0,0.0,0.0
82,cdl-c,1,qpsk,0,19.939559520795502,2,1,2,2,4.0,2,9.596986009440775,37.676964509101865,3500000000.0,8,1024,1,4,2,0.30078125,1416,0.01,frozen,15,390714734,7.292041540145874,channels/000082/H.npy,channels/000082/H_int.npy,channels/000082/R_iot.npy,16.338434817727645,20.25,19.75,18.75,16.855091690496042,ok,ok,ok,ok,ok,-0.210544230577709,0.9760516241835209,4.830019950866699,2.0,1.8618563083115358,4.278563499450684,1.0,0.9999885559082031,2.484180921375247,0.46027472615242004,2.3586041927337646,4.0,2.0,4.0,1.8799225695034274,17.18976402282715,0.6694138646125793
82,cdl-c,1,qam16,1,19.939559520795502,2,1,2,2,4.0,2,9.596986009440775,37.676964509101865,3500000000.0,8,1024,1,14,4,0.5400390625,4992,0.01,frozen,9,390714734,4.047548532485962,channels/000082/H.npy,channels/000082/H_int.npy,channels/000082/R_iot.npy,25.28226389570905,27.75,27.151769633831528,26.320239923777958,25.552747668934284,ok,ok,ok,ok,ok,-0.210544230577709,0.9760516241835209,4.830019950866699,2.0,1.8618563083115358,4.278563499450684,1.0,0.9999885559082031,2.484180921375247,0.46027472615242004,2.3586041927337646,4.0,2.0,4.0,1.8799225695034274,17.18976402282715,0.6694138646125793
82,cdl-c,1,qam64,2,19.939559520795502,2,1,2,2,4.0,2,9.596986009440775,37.676964509101865,3500000000.0,8,1024,1,20,6,0.5537109375,7680,0.01,frozen,6,390714734,2.923083782196045,channels/000082/H.npy,channels/000082/H_int.npy,channels/000082/R_iot.npy,30.25,31.854836711956718,31.427441058457184,31.25,30.12957925123971,ok,ok,ok,ok,ok,-0.210544230577709,0.9760516241835209,4.830019950866699,2.0,1.8618563083115358,4.278563499450684,1.0,0.9999885559082031,2.484180921375247,0.46027472615242004,2.3586041927337646,4.0,2.0,4.0,1.8799225695034274,17.18976402282715,0.6694138646125793
83,cdl-b,0,qpsk,0,8.117216084633547,2,2,1,2,4.0,1,6.001268354646115,54.26723413407029,3500000000.0,8,1024,1,4,2,0.30078125,704,0.01,frozen,15,1166435316,8.57447099685669,channels/000083/H.npy,channels/000083/H_int.npy,channels/000083/R_iot.npy,0.6736178688548857,5.25,4.191159275273369,3.209581422979449,1.25,ok,ok,ok,ok,ok,1.200298062995086,1.1481930219490388,7.179144382476807,2.0,1.7379315944508318,4.73737907409668,1.0,0.9999371767044067,7.904875653918815,0.5308212637901306,0.2476126104593277,4.0,2.0,4.0,1.3870554877767487,16.625802993774414,0.8428888916969299
83,cdl-b,0,qam16,1,8.117216084633547,2,2,1,2,4.0,1,6.001268354646115,54.26723413407029,3500000000.0,8,1024,1,14,4,0.5400390625,2472,0.01,frozen,11,1166435316,5.8813629150390625,channels/000083/H.npy,channels/000083/H_int.npy,channels/000083/R_iot.npy,9.290583014604481,11.299361975958066,10.818453815329379,10.274031607506709,9.75,ok,ok,ok,ok,ok,1.200298062995086,1.1481930219490388,7.179144382476807,2.0,1.7379315944508318,4.73737907409668,1.0,0.9999371767044067,7.904875653918815,0.5308212637901306,0.2476126104593277,4.0,2.0,4.0,1.3870554877767487,16.625802993774414,0.8428888916969299
83,cdl-b,0,qam64,2,8.117216084633547,2,2,1,2,4.0,1,6.001268354646115,54.26723413407029,3500000000.0,8,1024,1,20,6,0.5537109375,3840,0.01,frozen,10,1166435316,5.322180509567261,channels/000083/H.npy,channels/000083/H_int.npy,channels/000083/R_iot.npy,14.25,15.522645869086857,15.163852191349868,14.690743485841095,14.125746662433246,ok,ok,ok,ok,ok,1.200298062995086,1.1481930219490388,7.179144382476807,2.0,1.7379315944508318,4.73737907409668,1.0,0.9999371767044067,7.904875653918815,0.5308212637901306,0.2476126104593277,4.0,2.0,4.0,1.3870554877767487,16.625802993774414,0.8428888916969299
84,umi,2,qpsk,0,17.84297803986886,1,1,1,1,4.0,1,8.141679421578836,,3500000000.0,8,1024,1,4,2,0.30078125,704,0.01,frozen,16,1726253977,6.615008115768433,channels/000084/H.npy,channels/000084/H_int.npy,channels/000084/R_iot.npy,-1.1775153989071234,5.25,4.400580941838183,3.5760315966309904,1.75,ok,ok,ok,ok,ok,1.455866372465885,1.1824786784727768,0.0,1.0,1.0,2.6740047931671143,0.9838737845420837,0.9998862743377686,8.420970053896559,0.5634785890579224,0.0,4.0,1.0,4.0,1.4061354644185096,18.39389991760254,0.833031952381134
84,umi,2,qam16,1,17.84297803986886,1,1,1,1,4.0,1,8.141679421578836,,3500000000.0,8,1024,1,14,4,0.5400390625,2472,0.01,frozen,12,1726253977,4.840814590454102,channels/000084/H.npy,channels/000084/H_int.npy,channels/000084/R_iot.npy,7.25,10.66917613137586,10.002020233843465,9.258332507179114,8.171026060042749,ok,ok,ok,ok,ok,1.455866372465885,1.1824786784727768,0.0,1.0,1.0,2.6740047931671143,0.9838737845420837,0.9998862743377686,8.420970053896559,0.5634785890579224,0.0,4.0,1.0,4.0,1.4061354644185096,18.39389991760254,0.833031952381134
84,umi,2,qam64,2,17.84297803986886,1,1,1,1,4.0,1,8.141679421578836,,3500000000.0,8,1024,1,20,6,0.5537109375,3840,0.01,frozen,12,1726253977,4.267893552780151,channels/000084/H.npy,channels/000084/H_int.npy,channels/000084/R_iot.npy,11.62847084006833,15.744235436708612,14.0009138332615,13.329442109335709,13.281287435626385,ok,ok,ok,ok,ok,1.455866372465885,1.1824786784727768,0.0,1.0,1.0,2.6740047931671143,0.9838737845420837,0.9998862743377686,8.420970053896559,0.5634785890579224,0.0,4.0,1.0,4.0,1.4061354644185096,18.39389991760254,0.833031952381134
85,cdl-b,0,qpsk,0,13.027841736856427,2,2,1,2,4.0,1,4.485867297905713,38.901788900797825,3500000000.0,8,1024,1,4,2,0.30078125,704,0.01,frozen,11,1368910818,5.529720783233643,channels/000085/H.npy,channels/000085/H_int.npy,channels/000085/R_iot.npy,6.25,9.82758138259078,9.425743876106841,8.343332376549112,6.582781366494193,ok,ok,ok,ok,ok,1.4885867891778517,1.1869415676739636,5.474506378173828,2.0,1.830728579818855,5.09483528137207,1.0,0.9999949336051941,5.9337142196474915,0.5110364556312561,2.24302077293396,4.0,2.0,3.0,1.220418043609839,20.67300033569336,0.9016802310943604
85,cdl-b,0,qam16,1,13.027841736856427,2,2,1,2,4.0,1,4.485867297905713,38.901788900797825,3500000000.0,8,1024,1,14,4,0.5400390625,2472,0.01,frozen,11,1368910818,4.868533372879028,channels/000085/H.npy,channels/000085/H_int.npy,channels/000085/R_iot.npy,14.75,16.54551817639539,16.14440916933763,15.492399028387304,14.630864961140102,ok,ok,ok,ok,ok,1.4885867891778517,1.1869415676739636,5.474506378173828,2.0,1.830728579818855,5.09483528137207,1.0,0.9999949336051941,5.9337142196474915,0.5110364556312561,2.24302077293396,4.0,2.0,3.0,1.220418043609839,20.67300033569336,0.9016802310943604
85,cdl-b,0,qam64,2,13.027841736856427,2,2,1,2,4.0,1,4.485867297905713,38.901788900797825,3500000000.0,8,1024,1,20,6,0.5537109375,3840,0.01,frozen,10,1368910818,4.2768614292144775,channels/000085/H.npy,channels/000085/H_int.npy,channels/000085/R_iot.npy,19.13420028726024,20.764672722130623,20.46091726720704,20.01746484982829,19.259351328897242,ok,ok,ok,ok,ok,1.4885867891778517,1.1869415676739636,5.474506378173828,2.0,1.830728579818855,5.09483528137207,1.0,0.9999949336051941,5.9337142196474915,0.5110364556312561,2.24302077293396,4.0,2.0,3.0,1.220418043609839,20.67300033569336,0.9016802310943604
86,uma,3,qpsk,0,18.967215485461846,2,1,1,1,4.0,1,8.315598822210161,,3500000000.0,8,1024,1,4,2,0.30078125,704,0.01,frozen,13,612363225,5.579105615615845,channels/000086/H.npy,channels/000086/H_int.npy,channels/000086/R_iot.npy,12.875172709496981,16.25,15.25,14.371534452663003,14.25,ok,ok,ok,ok,ok,2.4494992837015825,1.3257906875768983,0.0,1.0,1.0,3.0013458728790283,1.0,1.0,5.4366666909198695,0.6601027846336365,0.0,4.0,1.0,4.0,2.657695675092338,9.72584342956543,0.5322126150131226
86,uma,3,qam16,1,18.967215485461846,2,1,1,1,4.0,1,8.315598822210161,,3500000000.0,8,1024,1,14,4,0.5400390625,2472,0.01,frozen,9,612363225,3.5103368759155273,channels/000086/H.npy,channels/000086/H_int.npy,channels/000086/R_iot.npy,20.721337426151486,22.3010587692442,22.057279843246693,21.75,21.206866814551816,ok,ok,ok,ok,ok,2.4494992837015825,1.3257906875768983,0.0,1.0,1.0,3.0013458728790283,1.0,1.0,5.4366666909198695,0.6601027846336365,0.0,4.0,1.0,4.0,2.657695675092338,9.72584342956543,0.5322126150131226
86,uma,3,qam64,2,18.967215485461846,2,1,1,1,4.0,1,8.315598822210161,,3500000000.0,8,1024,1,20,6,0.5537109375,3840,0.01,frozen,8,612363225,2.72137188911438,channels/000086/H.npy,channels/000086/H_int.npy,channels/000086/R_iot.npy,25.418180755290372,26.70925053025208,26.40989086845971,26.009468268977965,25.788806017114545,ok,ok,ok,ok,ok,2.4494992837015825,1.3257906875768983,0.0,1.0,1.0,3.0013458728790283,1.0,1.0,5.4366666909198695,0.6601027846336365,0.0,4.0,1.0,4.0,2.657695675092338,9.72584342956543,0.5322126150131226
87,uma,3,qpsk,0,1.9908166516150083,3,2,2,4,4.0,2,9.20008484357098,,3500000000.0,8,1024,1,4,2,0.30078125,1416,0.01,frozen,16,1751357454,11.268336057662964,channels/000087/H.npy,channels/000087/H_int.npy,channels/000087/R_iot.npy,6.701566611228544,12.25,11.201503412308215,10.25,8.260133389175628,ok,ok,ok,ok,ok,-0.0782991982317776,0.9910259807137326,13.105283737182617,4.0,2.9581301374392988,7.166769981384277,1.0,0.9997477531433105,11.086375132824262,0.31612762808799744,5.036840915679932,4.0,4.0,4.0,2.522716419611176,10.124707221984863,0.5040685534477234
87,uma,3,qam16,1,1.9908166516150083,3,2,2,4,4.0,2,9.20008484357098,,3500000000.0,8,1024,1,14,4,0.5400390625,4992,0.01,frozen,13,1751357454,8.38140869140625,channels/000087/H.npy,channels/000087/H_int.npy,channels/000087/R_iot.npy,18.620425167740375,22.593960761295914,21.71800063646073,20.619826953331597,19.682444780151695,ok,ok,ok,ok,ok,-0.0782991982317776,0.9910259807137326,13.105283737182617,4.0,2.9581301374392988,7.166769981384277,1.0,0.9997477531433105,11.086375132824262,0.31612762808799744,5.036840915679932,4.0,4.0,4.0,2.522716419611176,10.124707221984863,0.5040685534477234
87,uma,3,qam64,2,1.9908166516150083,3,2,2,4,4.0,2,9.20008484357098,,3500000000.0,8,1024,1,20,6,0.5537109375,7680,0.01,frozen,13,1751357454,9.921855449676514,channels/000087/H.npy,channels/000087/H_int.npy,channels/000087/R_iot.npy,24.17540035880094,29.03825302898438,27.66221658134465,26.43165325701889,25.582496754393485,ok,ok,ok,ok,ok,-0.0782991982317776,0.9910259807137326,13.105283737182617,4.0,2.9581301374392988,7.166769981384277,1.0,0.9997477531433105,11.086375132824262,0.31612762808799744,5.036840915679932,4.0,4.0,4.0,2.522716419611176,10.124707221984863,0.5040685534477234
88,uma,3,qpsk,0,17.62755836046893,2,1,2,2,4.0,2,4.902003312515562,,3500000000.0,8,1024,1,4,2,0.30078125,1416,0.01,frozen,15,2144611507,7.367525577545166,channels/000088/H.npy,channels/000088/H_int.npy,channels/000088/R_iot.npy,15.257437135421673,22.75,22.25,19.965880703614086,18.243090345478613,ok,ok,ok,ok,ok,0.26173375785285274,1.0305918124785165,13.996406555175781,2.0,1.3582824411107528,3.540637493133545,1.0,0.9999716877937317,10.953488534212815,0.47286468744277954,2.629855155944824,4.0,2.0,4.0,3.127659181737168,6.429359436035156,0.457370787858963
88,uma,3,qam16,1,17.62755836046893,2,1,2,2,4.0,2,4.902003312515562,,3500000000.0,8,1024,1,14,4,0.5400390625,4992,0.01,frozen,15,2144611507,7.340066432952881,channels/000088/H.npy,channels/000088/H_int.npy,channels/000088/R_iot.npy,29.214678586553898,33.23805786368898,32.693025825982254,31.517291603850556,30.804099636170275,ok,ok,ok,ok,ok,0.26173375785285274,1.0305918124785165,13.996406555175781,2.0,1.3582824411107528,3.540637493133545,1.0,0.9999716877937317,10.953488534212815,0.47286468744277954,2.629855155944824,4.0,2.0,4.0,3.127659181737168,6.429359436035156,0.457370787858963
88,uma,3,qam64,2,17.62755836046893,2,1,2,2,4.0,2,4.902003312515562,,3500000000.0,8,1024,1,20,6,0.5537109375,7680,0.01,frozen,15,2144611507,6.822749376296997,channels/000088/H.npy,channels/000088/H_int.npy,channels/000088/R_iot.npy,35.25,39.805802485637884,38.61492833106071,37.63926817019594,36.75474876056944,ok,ok,ok,ok,ok,0.26173375785285274,1.0305918124785165,13.996406555175781,2.0,1.3582824411107528,3.540637493133545,1.0,0.9999716877937317,10.953488534212815,0.47286468744277954,2.629855155944824,4.0,2.0,4.0,3.127659181737168,6.429359436035156,0.457370787858963
89,uma,3,qpsk,0,17.722546662981156,3,3,1,3,4.0,1,9.929117030649667,,3500000000.0,8,1024,1,4,2,0.30078125,704,0.01,frozen,12,1761163482,6.764171600341797,channels/000089/H.npy,channels/000089/H_int.npy,channels/000089/R_iot.npy,15.429684251370334,19.683525019305698,19.25,18.25,16.827347752591205,ok,ok,ok,ok,ok,0.3359621574555163,1.0394368465371755,13.48193359375,3.0,2.288375721346788,5.853143692016602,0.9960861802101135,0.9999140501022339,13.926175036751241,0.35427457094192505,1.2688539028167725,4.0,3.0,4.0,2.275908477214272,12.493932723999023,0.5500542521476746
89,uma,3,qam16,1,17.722546662981156,3,3,1,3,4.0,1,9.929117030649667,,3500000000.0,8,1024,1,14,4,0.5400390625,2472,0.01,frozen,14,1761163482,8.038870334625244,channels/000089/H.npy,channels/000089/H_int.npy,channels/000089/R_iot.npy,25.873806589418084,30.293015263458972,29.174986090196036,28.101414142441794,27.26051621111355,ok,ok,ok,ok,ok,0.3359621574555163,1.0394368465371755,13.48193359375,3.0,2.288375721346788,5.853143692016602,0.9960861802101135,0.9999140501022339,13.926175036751241,0.35427457094192505,1.2688539028167725,4.0,3.0,4.0,2.275908477214272,12.493932723999023,0.5500542521476746
89,uma,3,qam64,2,17.722546662981156,3,3,1,3,4.0,1,9.929117030649667,,3500000000.0,8,1024,1,20,6,0.5537109375,3840,0.01,frozen,16,1761163482,9.25258994102478,channels/000089/H.npy,channels/000089/H_int.npy,channels/000089/R_iot.npy,31.34065304976464,39.22624142727586,35.015172260897295,34.189945367227345,32.540295867353656,ok,ok,ok,ok,ok,0.3359621574555163,1.0394368465371755,13.48193359375,3.0,2.288375721346788,5.853143692016602,0.9960861802101135,0.9999140501022339,13.926175036751241,0.35427457094192505,1.2688539028167725,4.0,3.0,4.0,2.275908477214272,12.493932723999023,0.5500542521476746
90,cdl-b,0,qpsk,0,0.0,0,2,1,2,4.0,1,6.510247294523725,72.49213063966387,3500000000.0,8,1024,1,4,2,0.30078125,704,0.01,frozen,17,1586436599,7.8509345054626465,channels/000090/H.npy,,,-4.211362674773906,-0.9000684524164944,-1.25,-2.266505449362022,-3.9216223956725886,ok,ok,ok,ok,ok,-1.258507415558334,0.8651165677505597,5.657655715942383,2.0,1.8180337675617348,3.696892738342285,0.9991319179534912,0.9999071359634399,8.5500303847576,0.4965358078479767,2.397402763366699,4.0,2.0,0.0,0.0,0.0,0.0
90,cdl-b,0,qam16,1,0.0,0,2,1,2,4.0,1,6.510247294523725,72.49213063966387,3500000000.0,8,1024,1,14,4,0.5400390625,2472,0.01,frozen,13,1586436599,6.806766748428345,channels/000090/H.npy,,,4.409497562229301,6.75,6.107099152141795,5.558126088933805,4.565830929445862,ok,ok,ok,ok,ok,-1.258507415558334,0.8651165677505597,5.657655715942383,2.0,1.8180337675617348,3.696892738342285,0.9991319179534912,0.9999071359634399,8.5500303847576,0.4965358078479767,2.397402763366699,4.0,2.0,0.0,0.0,0.0,0.0
90,cdl-b,0,qam64,2,0.0,0,2,1,2,4.0,1,6.510247294523725,72.49213063966387,3500000000.0,8,1024,1,20,6,0.5537109375,3840,0.01,frozen,12,1586436599,6.074731111526489,channels/000090/H.npy,,,9.13033563884693,10.897332365907529,10.632271098812843,10.158605271282863,9.243738380369795,ok,ok,ok,ok,ok,-1.258507415558334,0.8651165677505597,5.657655715942383,2.0,1.8180337675617348,3.696892738342285,0.9991319179534912,0.9999071359634399,8.5500303847576,0.4965358078479767,2.397402763366699,4.0,2.0,0.0,0.0,0.0,0.0
91,uma,3,qpsk,0,0.0,0,1,1,1,4.0,1,5.748190769264074,,3500000000.0,8,1024,1,4,2,0.30078125,704,0.01,frozen,8,625668606,3.4415440559387207,channels/000091/H.npy,,,-2.75,-0.10710462507738028,-0.25,-1.3371522703218708,-2.0104859687613508,ok,ok,ok,ok,ok,-4.164399681955379,0.6191273877386442,0.0,1.0,1.0,1.2931036949157715,0.9959310293197632,0.9999251365661621,15.890953357034716,0.5804005861282349,0.0,4.0,1.0,0.0,0.0,0.0,0.0
91,uma,3,qam16,1,0.0,0,1,1,1,4.0,1,5.748190769264074,,3500000000.0,8,1024,1,14,4,0.5400390625,2472,0.01,frozen,7,625668606,2.6777565479278564,channels/000091/H.npy,,,5.150607608063926,6.834658986962035,6.555154555686154,6.25,5.446082275908835,ok,ok,ok,ok,ok,-4.164399681955379,0.6191273877386442,0.0,1.0,1.0,1.2931036949157715,0.9959310293197632,0.9999251365661621,15.890953357034716,0.5804005861282349,0.0,4.0,1.0,0.0,0.0,0.0,0.0
91,uma,3,qam64,2,0.0,0,1,1,1,4.0,1,5.748190769264074,,3500000000.0,8,1024,1,20,6,0.5537109375,3840,0.01,frozen,6,625668606,2.2629201412200928,channels/000091/H.npy,,,10.25,11.115958733509727,10.827991569537735,10.75,10.11463480306509,ok,ok,ok,ok,ok,-4.164399681955379,0.6191273877386442,0.0,1.0,1.0,1.2931036949157715,0.9959310293197632,0.9999251365661621,15.890953357034716,0.5804005861282349,0.0,4.0,1.0,0.0,0.0,0.0,0.0
92,cdl-c,1,qpsk,0,7.178791607539699,1,2,2,4,4.0,2,6.6002363848930194,142.8404977596958,3500000000.0,8,1024,1,4,2,0.30078125,1416,0.01,frozen,16,1118291857,9.885757446289062,channels/000092/H.npy,channels/000092/H_int.npy,channels/000092/R_iot.npy,5.7363621054317555,10.25,9.25,8.019130284557447,6.555308048236079,ok,ok,ok,ok,ok,-0.3655971037200454,0.9587826021263938,19.96379852294922,4.0,2.6823138825189896,6.60398530960083,0.9995372295379639,0.9998961091041565,12.138359818397014,0.45831286907196045,3.8193650245666504,4.0,4.0,4.0,2.064984081922103,12.481163024902344,0.6299067139625549
92,cdl-c,1,qam16,1,7.178791607539699,1,2,2,4,4.0,2,6.6002363848930194,142.8404977596958,3500000000.0,8,1024,1,14,4,0.5400390625,4992,0.01,frozen,11,1118291857,6.56014084815979,channels/000092/H.npy,channels/000092/H_int.npy,channels/000092/R_iot.npy,16.02245496041551,18.895222456087605,18.163667602304344,17.26956361249144,16.404166805678255,ok,ok,ok,ok,ok,-0.3655971037200454,0.9587826021263938,19.96379852294922,4.0,2.6823138825189896,6.60398530960083,0.9995372295379639,0.9998961091041565,12.138359818397014,0.45831286907196045,3.8193650245666504,4.0,4.0,4.0,2.064984081922103,12.481163024902344,0.6299067139625549
92,cdl-c,1,qam64,2,7.178791607539699,1,2,2,4,4.0,2,6.6002363848930194,142.8404977596958,3500000000.0,8,1024,1,20,6,0.5537109375,7680,0.01,frozen,14,1118291857,8.519677877426147,channels/000092/H.npy,channels/000092/H_int.npy,channels/000092/R_iot.npy,21.13813624804915,24.059511234334025,23.43134453026026,22.600853592236266,21.61647019445339,ok,ok,ok,ok,ok,-0.3655971037200454,0.9587826021263938,19.96379852294922,4.0,2.6823138825189896,6.60398530960083,0.9995372295379639,0.9998961091041565,12.138359818397014,0.45831286907196045,3.8193650245666504,4.0,4.0,4.0,2.064984081922103,12.481163024902344,0.6299067139625549
93,cdl-b,0,qpsk,0,15.457068824823228,1,4,1,4,4.0,1,3.4049626648380293,178.70910228096727,3500000000.0,8,1024,1,4,2,0.30078125,704,0.01,frozen,15,460411964,8.61061406135559,channels/000093/H.npy,channels/000093/H_int.npy,channels/000093/R_iot.npy,20.75,24.25,23.042931353550614,22.12107438184003,20.953526359747944,ok,ok,ok,ok,ok,1.1915161972627697,1.1470327284449653,27.431060791015625,4.0,2.251886557039133,6.981359481811523,1.0,0.9999774098396301,8.757546170280637,0.5402091145515442,4.740626811981201,4.0,4.0,4.0,1.9400203966836123,17.18646240234375,0.6681471467018127
93,cdl-b,0,qam16,1,15.457068824823228,1,4,1,4,4.0,1,3.4049626648380293,178.70910228096727,3500000000.0,8,1024,1,14,4,0.5400390625,2472,0.01,frozen,13,460411964,6.481674432754517,channels/000093/H.npy,channels/000093/H_int.npy,channels/000093/R_iot.npy,30.355955418117475,33.741206118475546,33.305998920718594,32.13957186255273,30.949446677647,ok,ok,ok,ok,ok,1.1915161972627697,1.1470327284449653,27.431060791015625,4.0,2.251886557039133,6.981359481811523,1.0,0.9999774098396301,8.757546170280637,0.5402091145515442,4.740626811981201,4.0,4.0,4.0,1.9400203966836123,17.18646240234375,0.6681471467018127
93,cdl-b,0,qam64,2,15.457068824823228,1,4,1,4,4.0,1,3.4049626648380293,178.70910228096727,3500000000.0,8,1024,1,20,6,0.5537109375,3840,0.01,frozen,16,460411964,8.155850648880005,channels/000093/H.npy,channels/000093/H_int.npy,channels/000093/R_iot.npy,34.88514186598292,39.29105419439971,38.35555127205329,37.12632835677177,36.03308311972361,ok,ok,ok,ok,ok,1.1915161972627697,1.1470327284449653,27.431060791015625,4.0,2.251886557039133,6.981359481811523,1.0,0.9999774098396301,8.757546170280637,0.5402091145515442,4.740626811981201,4.0,4.0,4.0,1.9400203966836123,17.18646240234375,0.6681471467018127
94,cdl-c,1,qpsk,0,17.95077151416197,2,1,2,2,4.0,2,5.863023708582849,63.89127543262105,3500000000.0,8,1024,1,4,2,0.30078125,1416,0.01,frozen,8,190134364,4.75034761428833,channels/000094/H.npy,channels/000094/H_int.npy,channels/000094/R_iot.npy,16.259483369314978,19.75,18.773583429325416,18.25,16.862303493505696,ok,ok,ok,ok,ok,-0.18736801940688771,0.9786594612562711,3.8513636589050293,2.0,1.9085392093300309,4.373980522155762,1.0,0.9999635815620422,6.429756039716042,0.3408142626285553,0.44648024439811707,4.0,2.0,4.0,2.4003953430365583,11.675353050231934,0.5321701169013977
94,cdl-c,1,qam16,1,17.95077151416197,2,1,2,2,4.0,2,5.863023708582849,63.89127543262105,3500000000.0,8,1024,1,14,4,0.5400390625,4992,0.01,frozen,9,190134364,4.358182430267334,channels/000094/H.npy,channels/000094/H_int.npy,channels/000094/R_iot.npy,25.417414500621017,27.28605020231914,26.833161091999887,26.271266449524454,25.608982818828967,ok,ok,ok,ok,ok,-0.18736801940688771,0.9786594612562711,3.8513636589050293,2.0,1.9085392093300309,4.373980522155762,1.0,0.9999635815620422,6.429756039716042,0.3408142626285553,0.44648024439811707,4.0,2.0,4.0,2.4003953430365583,11.675353050231934,0.5321701169013977
94,cdl-c,1,qam64,2,17.95077151416197,2,1,2,2,4.0,2,5.863023708582849,63.89127543262105,3500000000.0,8,1024,1,20,6,0.5537109375,7680,0.01,frozen,10,190134364,5.366687536239624,channels/000094/H.npy,channels/000094/H_int.npy,channels/000094/R_iot.npy,30.056981204336214,32.25,31.591434694045308,31.014066560938904,30.326471915588115,ok,ok,ok,ok,ok,-0.18736801940688771,0.9786594612562711,3.8513636589050293,2.0,1.9085392093300309,4.373980522155762,1.0,0.9999635815620422,6.429756039716042,0.3408142626285553,0.44648024439811707,4.0,2.0,4.0,2.4003953430365583,11.675353050231934,0.5321701169013977
95,uma,3,qpsk,0,4.464386840900614,2,4,1,4,4.0,1,5.704982597699626,,3500000000.0,8,1024,1,4,2,0.30078125,704,0.01,frozen,17,1443669262,11.83409070968628,channels/000095/H.npy,channels/000095/H_int.npy,channels/000095/R_iot.npy,9.879981332466384,16.237407767416805,14.777458724602345,13.086589752127066,11.267001821153446,ok,ok,ok,ok,ok,-0.5385668858550465,0.9398783714659116,26.568382263183594,4.0,2.3296060166003967,5.568619251251221,0.9990648031234741,0.9999319911003113,9.799534658135368,0.46800097823143005,2.654729127883911,4.0,4.0,3.0,1.6433865626310404,26.3536376953125,0.7441388368606567
95,uma,3,qam16,1,4.464386840900614,2,4,1,4,4.0,1,5.704982597699626,,3500000000.0,8,1024,1,14,4,0.5400390625,2472,0.01,frozen,8,1443669262,5.170053958892822,channels/000095/H.npy,channels/000095/H_int.npy,channels/000095/R_iot.npy,25.100443981604904,,,,,ok,not_reached,not_reached,not_reached,not_reached,-0.5385668858550465,0.9398783714659116,26.568382263183594,4.0,2.3296060166003967,5.568619251251221,0.9990648031234741,0.9999319911003113,9.799534658135368,0.46800097823143005,2.654729127883911,4.0,4.0,3.0,1.6433865626310404,26.3536376953125,0.7441388368606567
95,uma,3,qam64,2,4.464386840900614,2,4,1,4,4.0,1,5.704982597699626,,3500000000.0,8,1024,1,20,6,0.5537109375,3840,0.01,frozen,7,1443669262,3.192136764526367,channels/000095/H.npy,channels/000095/H_int.npy,channels/000095/R_iot.npy,29.80968501947991,,,,,ok,not_reached,not_reached,not_reached,not_reached,-0.5385668858550465,0.9398783714659116,26.568382263183594,4.0,2.3296060166003967,5.568619251251221,0.9990648031234741,0.9999319911003113,9.799534658135368,0.46800097823143005,2.654729127883911,4.0,4.0,3.0,1.6433865626310404,26.3536376953125,0.7441388368606567
96,umi,2,qpsk,0,9.914707785676594,1,4,1,4,4.0,1,3.8659345306944983,,3500000000.0,8,1024,1,4,2,0.30078125,704,0.01,frozen,16,1660677480,11.237998723983765,channels/000096/H.npy,channels/000096/H_int.npy,channels/000096/R_iot.npy,6.34374354112326,12.78782377099026,11.432495937811947,9.834564484087707,7.199494541997358,ok,ok,ok,ok,ok,-0.14994728356246728,0.9828848383106802,22.090087890625,4.0,2.6188916143179863,6.709376335144043,0.9984303712844849,0.9999670386314392,12.462975566465001,0.27982640266418457,4.158480644226074,4.0,4.0,3.0,1.9794120367827317,22.557147979736328,0.6189460158348083
96,umi,2,qam16,1,9.914707785676594,1,4,1,4,4.0,1,3.8659345306944983,,3500000000.0,8,1024,1,14,4,0.5400390625,2472,0.01,frozen,16,1660677480,10.843864679336548,channels/000096/H.npy,channels/000096/H_int.npy,channels/000096/R_iot.npy,22.505275166624706,27.50808961067487,25.47689287759249,24.586004900880834,31.608430634422337,ok,ok,ok,ok,ok,-0.14994728356246728,0.9828848383106802,22.090087890625,4.0,2.6188916143179863,6.709376335144043,0.9984303712844849,0.9999670386314392,12.462975566465001,0.27982640266418457,4.158480644226074,4.0,4.0,3.0,1.9794120367827317,22.557147979736328,0.6189460158348083
96,umi,2,qam64,2,9.914707785676594,1,4,1,4,4.0,1,3.8659345306944983,,3500000000.0,8,1024,1,20,6,0.5537109375,3840,0.01,frozen,11,1660677480,5.790894985198975,channels/000096/H.npy,channels/000096/H_int.npy,channels/000096/R_iot.npy,27.386491339154105,,33.87447248414897,33.200817538114414,,ok,not_reached,ok,ok,not_reached,-0.14994728356246728,0.9828848383106802,22.090087890625,4.0,2.6188916143179863,6.709376335144043,0.9984303712844849,0.9999670386314392,12.462975566465001,0.27982640266418457,4.158480644226074,4.0,4.0,3.0,1.9794120367827317,22.557147979736328,0.6189460158348083
97,uma,3,qpsk,0,0.0,0,3,1,3,4.0,1,3.3284175742693245,,3500000000.0,8,1024,1,4,2,0.30078125,704,0.01,frozen,15,1315935784,7.8278138637542725,channels/000097/H.npy,,,-4.146670281542848,1.75,0.1681402632368901,-1.039498077240318,-1.0944495534422412,ok,ok,ok,ok,ok,-0.580236621448779,0.9353801921255339,13.108153343200684,3.0,2.3234532515313813,5.317460060119629,0.9207625389099121,0.99996417760849,9.953728411574794,0.26358169317245483,0.7860069274902344,4.0,3.0,0.0,0.0,0.0,0.0
97,uma,3,qam16,1,0.0,0,3,1,3,4.0,1,3.3284175742693245,,3500000000.0,8,1024,1,14,4,0.5400390625,2472,0.01,frozen,12,1315935784,7.510645389556885,channels/000097/H.npy,,,8.121076137272048,,,,,ok,not_reached,not_reached,not_reached,not_reached,-0.580236621448779,0.9353801921255339,13.108153343200684,3.0,2.3234532515313813,5.317460060119629,0.9207625389099121,0.99996417760849,9.953728411574794,0.26358169317245483,0.7860069274902344,4.0,3.0,0.0,0.0,0.0,0.0
97,uma,3,qam64,2,0.0,0,3,1,3,4.0,1,3.3284175742693245,,3500000000.0,8,1024,1,20,6,0.5537109375,3840,0.01,frozen,11,1315935784,5.751792907714844,channels/000097/H.npy,,,13.299210644201434,,,,,ok,not_reached,not_reached,not_reached,not_reached,-0.580236621448779,0.9353801921255339,13.108153343200684,3.0,2.3234532515313813,5.317460060119629,0.9207625389099121,0.99996417760849,9.953728411574794,0.26358169317245483,0.7860069274902344,4.0,3.0,0.0,0.0,0.0,0.0
98,umi,2,qpsk,0,0.0,0,1,2,2,4.0,2,4.171624108223452,,3500000000.0,8,1024,1,4,2,0.30078125,1416,0.01,frozen,12,606337841,5.514575719833374,channels/000098/H.npy,,,-5.0745957418948295,-1.6774407532846087,-2.0943076013623387,-2.75,-4.25,ok,ok,ok,ok,ok,-1.717903679644055,0.8205495582644927,5.996408462524414,2.0,1.7397298898834965,3.3077471256256104,0.9960991740226746,0.9999479651451111,6.296631329986365,0.4227727949619293,2.6401522159576416,4.0,2.0,0.0,0.0,0.0,0.0
98,umi,2,qam16,1,0.0,0,1,2,2,4.0,2,4.171624108223452,,3500000000.0,8,1024,1,14,4,0.5400390625,4992,0.01,frozen,8,606337841,3.827070474624634,channels/000098/H.npy,,,4.615687208324652,6.848666553395858,6.495703528825161,5.70617430749431,4.945149637794518,ok,ok,ok,ok,ok,-1.717903679644055,0.8205495582644927,5.996408462524414,2.0,1.7397298898834965,3.3077471256256104,0.9960991740226746,0.9999479651451111,6.296631329986365,0.4227727949619293,2.6401522159576416,4.0,2.0,0.0,0.0,0.0,0.0
98,umi,2,qam64,2,0.0,0,1,2,2,4.0,2,4.171624108223452,,3500000000.0,8,1024,1,20,6,0.5537109375,7680,0.01,frozen,12,606337841,5.706451177597046,channels/000098/H.npy,,,9.35214649101704,12.012104292808488,11.473987500921522,10.840745706490083,9.975740289952933,ok,ok,ok,ok,ok,-1.717903679644055,0.8205495582644927,5.996408462524414,2.0,1.7397298898834965,3.3077471256256104,0.9960991740226746,0.9999479651451111,6.296631329986365,0.4227727949619293,2.6401522159576416,4.0,2.0,0.0,0.0,0.0,0.0
99,cdl-b,0,qpsk,0,10.1723250165881,2,1,2,2,4.0,2,6.922884951254087,36.05160877459069,3500000000.0,8,1024,1,4,2,0.30078125,1416,0.01,frozen,17,1765577907,8.448768377304077,channels/000099/H.npy,channels/000099/H_int.npy,channels/000099/R_iot.npy,3.2061828177788874,8.333770852505785,7.75,6.75,4.25,ok,ok,ok,ok,ok,-0.6540715830620605,0.9274626323853324,2.1191234588623047,2.0,1.9709068661048461,4.250968933105469,0.9997328519821167,0.9999845623970032,5.8107225544578025,0.3232837915420532,1.1546891927719116,4.0,2.0,4.0,2.3361329533380735,12.598377227783203,0.5474994778633118
99,cdl-b,0,qam16,1,10.1723250165881,2,1,2,2,4.0,2,6.922884951254087,36.05160877459069,3500000000.0,8,1024,1,14,4,0.5400390625,4992,0.01,frozen,10,1765577907,4.601789951324463,channels/000099/H.npy,channels/000099/H_int.npy,channels/000099/R_iot.npy,12.282490369208615,14.780819190168627,14.248473451396114,13.75,12.75,ok,ok,ok,ok,ok,-0.6540715830620605,0.9274626323853324,2.1191234588623047,2.0,1.9709068661048461,4.250968933105469,0.9997328519821167,0.9999845623970032,5.8107225544578025,0.3232837915420532,1.1546891927719116,4.0,2.0,4.0,2.3361329533380735,12.598377227783203,0.5474994778633118
99,cdl-b,0,qam64,2,10.1723250165881,2,1,2,2,4.0,2,6.922884951254087,36.05160877459069,3500000000.0,8,1024,1,20,6,0.5537109375,7680,0.01,frozen,9,1765577907,3.6602494716644287,channels/000099/H.npy,channels/000099/H_int.npy,channels/000099/R_iot.npy,17.070488393407498,18.651895206455183,18.36325469666616,17.85030629401027,17.18023437792085,ok,ok,ok,ok,ok,-0.6540715830620605,0.9274626323853324,2.1191234588623047,2.0,1.9709068661048461,4.250968933105469,0.9997328519821167,0.9999845623970032,5.8107225544578025,0.3232837915420532,1.1546891927719116,4.0,2.0,4.0,2.3361329533380735,12.598377227783203,0.5474994778633118
